batchId,productId,productionDate,machineId,operatorId,producedQty,shift
B100000,P1040,2023-08-17,M1,O18,251,MORNING
B100001,P1047,2023-06-28,M10,O28,288,MORNING
B100002,P1005,2024-03-23,M4,O33,177,AFTERNOON
B100003,P1044,2025-05-09,M4,O29,196,AFTERNOON
B100004,P1051,2023-01-14,M13,O11,229,MORNING
B100005,P1048,2024-11-20,M2,O6,189,MORNING
B100006,P1022,2024-12-05,M10,O17,289,AFTERNOON
B100007,P1059,2025-02-14,M2,O36,143,MORNING
B100008,P1040,2025-01-10,M10,O13,243,MORNING
B100009,P1018,2023-06-13,M14,O15,229,NIGHT
B100011,P1044,2023-05-27,M10,O11,305,AFTERNOON
B100012,P1015,2023-12-01,M8,O25,230,AFTERNOON
B100013,P1014,2024-10-26,M14,O4,408,MORNING
B100014,P1002,2024-10-08,M7,O18,391,AFTERNOON
B100015,P1045,2024-10-06,M4,O32,312,MORNING
B100016,P1058,2025-07-28,M3,O17,323,AFTERNOON
B100017,P1047,2025-05-27,M15,O38,338,MORNING
B100018,P1014,2023-10-11,M9,O32,268,MORNING
B100019,P1040,2023-11-24,M13,O28,261,AFTERNOON
B100020,P1024,2025-02-20,M10,O30,66,NIGHT
B100021,P1000,2023-08-23,M11,O35,216,NIGHT
B100022,P1049,2024-11-27,M2,O19,179,NIGHT
B100023,P1056,2024-06-23,M9,O12,280,AFTERNOON
B100024,P1006,2024-09-03,M14,O33,218,NIGHT
B100025,P1034,2023-01-02,M10,O21,224,AFTERNOON
B100026,P1007,2025-01-13,M15,O20,253,AFTERNOON
B100029,P1038,2025-05-16,M4,O35,236,NIGHT
B100030,P1044,2024-02-16,M12,O20,165,MORNING
B100031,P1057,2025-07-13,M2,O16,311,MORNING
B100032,P1021,2023-02-13,M10,O36,256,MORNING
B100033,P1040,2023-05-01,M4,O5,298,NIGHT
B100034,P1055,2024-11-07,M2,O33,257,MORNING
B100035,P1008,2025-08-26,M4,O31,353,NIGHT
B100036,P1012,2023-07-13,M2,O28,206,NIGHT
B100037,P1003,2023-07-21,M1,O26,307,AFTERNOON
B100039,P1017,2025-08-05,M4,O5,321,AFTERNOON
B100040,P1055,2023-07-20,M1,O35,344,NIGHT
B100043,P1059,2025-07-20,M5,O28,253,AFTERNOON
B100044,P1046,2025-09-23,M3,O13,196,AFTERNOON
B100045,P1034,2023-05-05,M12,O21,426,MORNING
B100047,P1011,2023-05-21,M10,O5,398,AFTERNOON
B100048,P1015,2025-04-06,M2,O37,252,AFTERNOON
B100050,P1045,2024-10-05,M4,O17,167,MORNING
B100051,P1020,2023-05-29,M1,O30,313,AFTERNOON
B100052,P1036,2023-07-24,M2,O35,262,NIGHT
B100053,P1056,2023-05-21,M15,O16,303,MORNING
B100054,P1010,2025-06-16,M14,O35,222,NIGHT
B100055,P1041,2023-01-17,M11,O36,157,MORNING
B100056,P1042,2023-08-01,M15,O9,236,AFTERNOON
B100057,P1009,2024-07-11,M5,O39,396,MORNING
B100059,P1003,2023-07-09,M11,O28,248,NIGHT
B100062,P1056,2023-11-02,M9,O3,296,MORNING
B100063,P1008,2023-03-27,M5,O24,170,NIGHT
B100064,P1050,2023-03-23,M15,O23,263,MORNING
B100065,P1049,2025-04-12,M10,O10,301,NIGHT
B100066,P1015,2023-11-29,M13,O12,261,AFTERNOON
B100067,P1021,2025-04-23,M13,O16,239,MORNING
B100068,P1050,2023-08-10,M7,O3,281,NIGHT
B100069,P1029,2024-12-17,M5,O15,211,MORNING
B100072,P1001,2023-08-25,M15,O17,327,MORNING
B100073,P1006,2025-06-08,M6,O21,411,AFTERNOON
B100074,P1032,2023-08-25,M7,O37,257,AFTERNOON
B100075,P1033,2024-02-08,M6,O28,269,MORNING
B100077,P1032,2024-09-25,M11,O27,219,MORNING
B100078,P1044,2024-08-28,M9,O9,286,MORNING
B100080,P1035,2023-01-01,M5,O19,280,AFTERNOON
B100082,P1032,2025-08-27,M13,O11,219,AFTERNOON
B100083,P1039,2024-11-17,M2,O16,201,AFTERNOON
B100084,P1014,2024-02-12,M3,O2,442,AFTERNOON
B100089,P1051,2025-08-09,M11,O34,385,NIGHT
B100091,P1053,2025-07-02,M15,O11,177,AFTERNOON
B100092,P1030,2025-07-10,M5,O16,280,NIGHT
B100093,P1031,2024-05-04,M5,O29,202,MORNING
B100094,P1018,2024-04-25,M5,O22,212,MORNING
B100095,P1014,2025-02-23,M12,O10,329,AFTERNOON
B100096,P1004,2025-04-29,M7,O22,180,MORNING
B100097,P1026,2025-03-08,M15,O38,230,NIGHT
B100098,P1001,2025-02-18,M8,O1,305,MORNING
B100100,P1057,2024-03-27,M8,O15,238,MORNING
B100101,P1042,2025-04-08,M12,O11,329,NIGHT
B100102,P1058,2023-09-19,M10,O35,319,AFTERNOON
B100103,P1001,2023-06-21,M11,O28,261,MORNING
B100104,P1029,2024-01-08,M1,O17,214,MORNING
B100105,P1048,2025-02-15,M5,O27,283,MORNING
B100106,P1005,2025-08-21,M1,O35,413,MORNING
B100107,P1004,2023-03-24,M13,O2,305,NIGHT
B100108,P1012,2023-02-11,M10,O10,255,MORNING
B100109,P1013,2025-08-10,M12,O17,329,NIGHT
B100110,P1010,2023-08-23,M13,O11,282,MORNING
B100111,P1019,2025-02-07,M7,O13,242,MORNING
B100112,P1044,2024-05-12,M2,O20,305,MORNING
B100113,P1036,2023-03-26,M6,O35,173,AFTERNOON
B100115,P1027,2025-01-11,M11,O30,255,AFTERNOON
B100116,P1027,2023-12-27,M12,O34,304,NIGHT
B100117,P1034,2025-09-17,M8,O28,238,NIGHT
B100118,P1037,2024-07-03,M6,O16,264,NIGHT
B100119,P1015,2025-08-09,M10,O40,223,AFTERNOON
B100120,P1021,2023-02-28,M8,O21,270,NIGHT
B100123,P1048,2024-05-07,M12,O31,307,AFTERNOON
B100124,P1031,2025-07-06,M13,O2,291,AFTERNOON
B100125,P1019,2025-01-25,M8,O36,277,AFTERNOON
B100126,P1027,2024-11-08,M6,O30,243,MORNING
B100127,P1012,2024-10-08,M2,O35,302,NIGHT
B100128,P1044,2024-01-15,M4,O14,245,AFTERNOON
B100129,P1048,2024-08-02,M2,O13,193,MORNING
B100130,P1023,2024-01-03,M5,O1,240,MORNING
B100131,P1003,2024-08-21,M12,O9,214,AFTERNOON
B100132,P1048,2025-10-02,M2,O1,179,AFTERNOON
B100133,P1011,2023-04-16,M5,O31,214,MORNING
B100135,P1051,2024-09-14,M2,O16,200,MORNING
B100136,P1048,2025-05-02,M10,O39,262,AFTERNOON
B100138,P1019,2023-05-04,M10,O7,295,MORNING
B100139,P1042,2023-06-16,M3,O16,234,MORNING
B100140,P1004,2023-11-17,M1,O27,160,MORNING
B100141,P1014,2024-08-13,M12,O19,278,AFTERNOON
B100142,P1029,2023-05-26,M11,O15,359,AFTERNOON
B100143,P1042,2024-02-10,M7,O8,193,AFTERNOON
B100144,P1041,2023-11-02,M15,O18,262,MORNING
B100145,P1019,2024-08-14,M8,O8,226,AFTERNOON
B100146,P1019,2025-04-04,M5,O33,177,AFTERNOON
B100148,P1001,2023-07-07,M4,O37,237,NIGHT
B100149,P1052,2024-07-05,M10,O3,242,NIGHT
B100150,P1011,2025-08-21,M9,O29,288,AFTERNOON
B100151,P1040,2025-10-04,M2,O31,227,MORNING
B100154,P1005,2024-10-06,M5,O21,339,NIGHT
B100155,P1052,2023-01-03,M11,O35,330,AFTERNOON
B100156,P1003,2024-01-20,M9,O24,190,AFTERNOON
B100157,P1003,2024-02-21,M5,O36,192,MORNING
B100158,P1018,2025-06-16,M15,O32,386,AFTERNOON
B100159,P1015,2023-11-21,M5,O36,380,MORNING
B100160,P1026,2023-07-10,M4,O8,216,NIGHT
B100162,P1030,2025-08-25,M4,O30,184,NIGHT
B100163,P1032,2023-10-07,M14,O5,228,MORNING
B100164,P1050,2025-04-29,M6,O33,249,AFTERNOON
B100165,P1053,2025-09-29,M14,O10,254,AFTERNOON
B100166,P1030,2024-12-07,M6,O36,255,NIGHT
B100167,P1055,2024-01-22,M12,O16,182,AFTERNOON
B100168,P1014,2025-04-21,M1,O21,246,NIGHT
B100170,P1037,2024-11-10,M14,O7,303,AFTERNOON
B100171,P1029,2023-02-01,M12,O10,196,AFTERNOON
B100172,P1041,2023-11-13,M2,O31,260,AFTERNOON
B100173,P1025,2023-06-14,M14,O22,196,NIGHT
B100174,P1054,2025-02-17,M6,O32,263,MORNING
B100175,P1040,2024-08-11,M4,O6,236,AFTERNOON
B100176,P1006,2023-07-25,M8,O11,197,MORNING
B100177,P1050,2023-04-25,M5,O23,107,MORNING
B100178,P1009,2024-05-15,M9,O27,136,MORNING
B100179,P1005,2025-02-22,M10,O16,200,AFTERNOON
B100180,P1037,2023-10-21,M4,O30,199,AFTERNOON
B100181,P1057,2025-08-10,M15,O19,190,AFTERNOON
B100182,P1010,2023-06-01,M8,O23,308,NIGHT
B100183,P1044,2024-05-27,M8,O20,245,MORNING
B100185,P1044,2024-08-27,M1,O26,294,MORNING
B100186,P1036,2023-04-11,M15,O39,245,NIGHT
B100187,P1049,2024-04-16,M10,O23,117,MORNING
B100188,P1012,2024-05-28,M11,O9,145,AFTERNOON
B100189,P1019,2025-06-21,M1,O38,140,MORNING
B100190,P1008,2023-07-04,M15,O19,216,MORNING
B100191,P1050,2025-01-19,M9,O33,314,NIGHT
B100192,P1053,2023-12-03,M5,O31,307,NIGHT
B100193,P1051,2023-08-24,M8,O5,238,MORNING
B100194,P1014,2025-03-24,M14,O36,167,MORNING
B100195,P1034,2023-09-11,M8,O24,342,AFTERNOON
B100196,P1043,2024-06-20,M10,O25,323,MORNING
B100197,P1014,2025-08-23,M1,O40,100,NIGHT
B100198,P1035,2024-11-02,M15,O40,254,NIGHT
B100199,P1058,2024-09-10,M11,O27,274,MORNING
B100200,P1002,2023-03-18,M5,O32,288,AFTERNOON
B100201,P1024,2025-07-18,M6,O35,284,AFTERNOON
B100202,P1047,2023-11-13,M15,O27,175,AFTERNOON
B100204,P1028,2024-04-28,M14,O24,336,AFTERNOON
B100205,P1041,2025-01-04,M1,O26,312,MORNING
B100206,P1007,2025-07-20,M2,O14,190,MORNING
B100207,P1050,2024-11-14,M4,O9,176,NIGHT
B100208,P1013,2023-05-21,M14,O36,262,NIGHT
B100209,P1021,2023-10-30,M13,O39,297,MORNING
B100210,P1054,2023-10-24,M3,O35,249,AFTERNOON
B100211,P1001,2023-09-27,M1,O23,293,NIGHT
B100212,P1015,2024-10-25,M1,O12,246,AFTERNOON
B100213,P1007,2023-05-11,M8,O29,286,NIGHT
B100214,P1032,2023-08-12,M8,O33,267,AFTERNOON
B100215,P1058,2024-09-09,M8,O2,345,MORNING
B100216,P1030,2025-04-02,M7,O7,96,MORNING
B100218,P1017,2024-10-27,M7,O39,174,AFTERNOON
B100219,P1006,2023-08-23,M14,O36,235,AFTERNOON
B100220,P1013,2025-05-30,M8,O15,137,MORNING
B100221,P1046,2023-07-14,M6,O28,317,MORNING
B100222,P1016,2025-02-05,M3,O31,370,MORNING
B100223,P1006,2025-02-02,M13,O9,304,AFTERNOON
B100224,P1037,2024-11-06,M11,O8,129,NIGHT
B100225,P1027,2023-04-16,M5,O39,325,MORNING
B100226,P1006,2024-03-11,M3,O31,255,NIGHT
B100227,P1023,2023-08-24,M13,O18,283,AFTERNOON
B100228,P1051,2025-05-28,M14,O36,377,AFTERNOON
B100229,P1041,2023-02-23,M10,O18,229,MORNING
B100230,P1017,2024-09-24,M15,O22,223,MORNING
B100232,P1001,2023-07-07,M12,O34,265,MORNING
B100233,P1023,2024-09-30,M12,O21,321,NIGHT
B100234,P1036,2023-06-23,M15,O4,315,MORNING
B100235,P1005,2024-07-11,M8,O28,347,AFTERNOON
B100236,P1028,2025-04-28,M5,O14,251,AFTERNOON
B100237,P1018,2025-09-23,M9,O20,215,MORNING
B100238,P1025,2023-04-23,M1,O14,234,MORNING
B100239,P1016,2024-08-15,M6,O8,295,MORNING
B100241,P1053,2024-12-26,M2,O26,324,NIGHT
B100242,P1002,2025-06-12,M1,O30,372,AFTERNOON
B100243,P1036,2025-04-08,M12,O27,183,MORNING
B100244,P1025,2023-02-12,M6,O11,280,NIGHT
B100245,P1058,2025-01-11,M2,O28,157,NIGHT
B100247,P1021,2024-03-29,M6,O11,239,MORNING
B100249,P1052,2023-10-30,M4,O7,363,MORNING
B100250,P1012,2023-12-22,M10,O10,256,MORNING
B100252,P1028,2024-10-23,M14,O21,265,AFTERNOON
B100253,P1019,2024-07-16,M10,O4,271,MORNING
B100254,P1004,2024-09-27,M8,O29,315,MORNING
B100255,P1041,2023-07-04,M10,O39,265,AFTERNOON
B100256,P1029,2023-03-26,M8,O37,214,AFTERNOON
B100257,P1009,2023-05-07,M8,O7,199,NIGHT
B100258,P1053,2024-12-04,M12,O6,206,MORNING
B100259,P1028,2025-06-18,M9,O34,248,AFTERNOON
B100260,P1023,2025-02-02,M15,O19,158,AFTERNOON
B100262,P1043,2025-03-02,M5,O17,233,NIGHT
B100264,P1009,2024-12-17,M5,O26,325,MORNING
B100265,P1035,2025-02-10,M11,O22,329,NIGHT
B100267,P1013,2024-11-30,M13,O32,249,MORNING
B100269,P1053,2023-03-19,M11,O22,223,NIGHT
B100270,P1039,2023-09-26,M10,O25,275,AFTERNOON
B100272,P1023,2024-05-01,M8,O40,224,AFTERNOON
B100273,P1034,2024-05-04,M5,O31,363,NIGHT
B100274,P1012,2025-01-23,M11,O37,327,MORNING
B100275,P1024,2025-10-26,M9,O27,242,NIGHT
B100276,P1052,2024-02-13,M13,O39,284,AFTERNOON
B100277,P1055,2025-01-30,M9,O7,290,AFTERNOON
B100278,P1033,2023-09-13,M5,O6,254,NIGHT
B100279,P1009,2025-06-14,M2,O15,194,NIGHT
B100280,P1056,2024-12-16,M15,O2,189,MORNING
B100281,P1024,2023-06-17,M6,O15,285,MORNING
B100282,P1059,2023-07-22,M14,O22,259,MORNING
B100283,P1053,2025-08-25,M12,O9,213,NIGHT
B100285,P1009,2025-05-16,M2,O19,242,MORNING
B100286,P1007,2023-04-08,M4,O27,187,MORNING
B100287,P1053,2025-10-20,M10,O35,175,MORNING
B100288,P1032,2024-05-10,M12,O10,248,MORNING
B100289,P1036,2025-05-03,M3,O6,253,AFTERNOON
B100290,P1023,2023-05-19,M9,O35,41,AFTERNOON
B100291,P1024,2025-08-20,M1,O25,240,NIGHT
B100292,P1016,2023-02-03,M6,O5,186,AFTERNOON
B100294,P1021,2023-12-25,M14,O30,329,MORNING
B100296,P1012,2023-03-31,M13,O13,295,MORNING
B100297,P1025,2025-08-27,M5,O3,209,NIGHT
B100298,P1012,2024-08-08,M6,O4,291,MORNING
B100301,P1033,2024-06-30,M13,O6,251,AFTERNOON
B100302,P1005,2025-05-31,M10,O12,190,MORNING
B100303,P1042,2024-08-28,M5,O29,232,AFTERNOON
B100304,P1027,2023-12-08,M12,O29,237,NIGHT
B100306,P1040,2025-04-11,M6,O33,283,NIGHT
B100308,P1049,2025-01-20,M6,O25,267,MORNING
B100310,P1036,2023-10-09,M9,O24,168,MORNING
B100312,P1024,2023-08-30,M5,O17,236,AFTERNOON
B100313,P1044,2025-10-02,M4,O8,203,MORNING
B100315,P1020,2024-12-12,M12,O5,247,AFTERNOON
B100316,P1018,2024-09-06,M14,O11,211,AFTERNOON
B100317,P1050,2025-01-10,M9,O15,94,MORNING
B100318,P1012,2023-10-12,M4,O32,337,MORNING
B100319,P1051,2023-09-23,M10,O6,264,MORNING
B100320,P1025,2025-09-07,M9,O27,265,MORNING
B100321,P1020,2023-06-01,M8,O30,120,AFTERNOON
B100322,P1022,2023-09-20,M15,O36,221,NIGHT
B100323,P1027,2025-10-26,M15,O4,215,NIGHT
B100325,P1033,2024-08-04,M14,O6,389,MORNING
B100326,P1040,2024-07-16,M3,O20,226,AFTERNOON
B100327,P1037,2023-11-12,M3,O40,229,AFTERNOON
B100328,P1038,2024-11-22,M14,O37,385,MORNING
B100329,P1041,2024-06-26,M11,O14,285,NIGHT
B100331,P1051,2025-04-11,M5,O30,419,MORNING
B100332,P1003,2023-11-20,M8,O27,202,AFTERNOON
B100333,P1020,2024-10-15,M12,O23,254,NIGHT
B100334,P1008,2025-01-28,M9,O36,290,MORNING
B100335,P1028,2024-05-22,M3,O7,282,MORNING
B100336,P1024,2025-05-06,M4,O11,313,AFTERNOON
B100337,P1012,2023-11-23,M8,O33,99,AFTERNOON
B100338,P1056,2024-09-23,M8,O2,309,AFTERNOON
B100339,P1015,2024-03-16,M10,O23,287,MORNING
B100340,P1018,2025-10-10,M10,O31,248,MORNING
B100341,P1008,2024-06-25,M12,O24,258,NIGHT
B100342,P1023,2023-04-03,M7,O4,208,AFTERNOON
B100344,P1017,2023-09-01,M3,O7,152,MORNING
B100345,P1023,2023-10-23,M4,O39,327,AFTERNOON
B100347,P1029,2023-11-02,M10,O33,297,MORNING
B100348,P1059,2024-10-14,M3,O26,364,MORNING
B100349,P1021,2025-09-30,M12,O37,243,MORNING
B100350,P1052,2023-02-04,M6,O22,159,AFTERNOON
B100351,P1050,2023-02-24,M10,O31,76,MORNING
B100352,P1041,2024-04-11,M12,O4,212,AFTERNOON
B100353,P1039,2025-02-17,M3,O16,228,MORNING
B100354,P1044,2023-08-14,M4,O2,182,AFTERNOON
B100355,P1013,2025-04-20,M9,O40,276,NIGHT
B100356,P1055,2023-05-08,M12,O9,160,NIGHT
B100357,P1030,2025-02-10,M6,O12,239,AFTERNOON
B100358,P1034,2024-12-02,M9,O23,186,AFTERNOON
B100359,P1051,2024-06-25,M10,O31,124,MORNING
B100360,P1015,2024-07-25,M9,O20,279,MORNING
B100361,P1018,2024-02-29,M12,O32,435,MORNING
B100363,P1025,2024-12-07,M13,O10,210,MORNING
B100364,P1018,2023-06-11,M6,O29,185,MORNING
B100365,P1052,2024-07-09,M15,O36,153,AFTERNOON
B100366,P1008,2023-08-12,M10,O38,251,NIGHT
B100368,P1045,2025-08-25,M2,O9,338,NIGHT
B100369,P1026,2025-09-01,M8,O13,252,NIGHT
B100370,P1018,2024-10-19,M5,O4,275,AFTERNOON
B100371,P1034,2023-03-18,M15,O12,233,AFTERNOON
B100372,P1053,2023-12-27,M15,O3,320,AFTERNOON
B100373,P1059,2024-08-15,M15,O3,248,MORNING
B100374,P1036,2023-08-08,M15,O22,204,AFTERNOON
B100376,P1012,2023-08-19,M6,O11,238,AFTERNOON
B100377,P1000,2024-11-21,M13,O19,149,AFTERNOON
B100379,P1032,2024-11-02,M2,O26,132,AFTERNOON
B100380,P1011,2023-10-15,M8,O21,257,MORNING
B100381,P1028,2024-06-30,M6,O20,246,AFTERNOON
B100383,P1019,2023-11-24,M7,O33,226,NIGHT
B100384,P1056,2024-09-28,M12,O8,142,MORNING
B100385,P1014,2024-03-24,M3,O31,122,MORNING
B100387,P1052,2024-03-23,M13,O16,188,AFTERNOON
B100388,P1038,2023-06-17,M9,O29,184,NIGHT
B100390,P1012,2023-11-03,M3,O21,296,AFTERNOON
B100391,P1045,2025-09-28,M2,O33,190,AFTERNOON
B100392,P1003,2025-07-17,M3,O33,172,AFTERNOON
B100393,P1043,2024-09-23,M12,O2,295,MORNING
B100394,P1052,2023-01-07,M12,O14,231,MORNING
B100395,P1004,2023-05-04,M15,O5,239,NIGHT
B100396,P1030,2023-03-06,M5,O27,266,AFTERNOON
B100397,P1046,2025-05-10,M6,O25,284,AFTERNOON
B100398,P1058,2025-02-12,M7,O6,207,AFTERNOON
B100399,P1041,2024-12-13,M2,O12,155,NIGHT
B100401,P1029,2025-05-18,M9,O25,148,NIGHT
B100402,P1015,2025-08-01,M6,O10,223,AFTERNOON
B100403,P1007,2023-03-07,M13,O27,412,AFTERNOON
B100404,P1059,2023-02-02,M4,O14,335,AFTERNOON
B100405,P1043,2023-04-10,M4,O3,288,AFTERNOON
B100406,P1014,2024-03-20,M13,O4,391,MORNING
B100407,P1058,2024-10-15,M10,O39,421,NIGHT
B100409,P1026,2024-09-07,M5,O4,106,AFTERNOON
B100410,P1037,2023-12-25,M11,O28,229,MORNING
B100411,P1041,2025-02-19,M13,O34,242,MORNING
B100412,P1026,2025-04-16,M3,O20,166,AFTERNOON
B100413,P1054,2024-04-06,M5,O10,332,NIGHT
B100414,P1058,2023-04-29,M9,O27,337,MORNING
B100415,P1015,2024-06-06,M4,O22,232,AFTERNOON
B100416,P1059,2025-07-10,M14,O24,343,MORNING
B100417,P1017,2025-02-11,M11,O39,311,AFTERNOON
B100418,P1055,2023-05-30,M4,O38,235,AFTERNOON
B100419,P1055,2024-11-12,M5,O1,161,MORNING
B100420,P1012,2023-08-29,M12,O31,342,AFTERNOON
B100421,P1025,2024-05-05,M9,O21,194,NIGHT
B100422,P1024,2025-08-12,M9,O23,226,NIGHT
B100423,P1029,2023-07-21,M13,O31,311,NIGHT
B100424,P1020,2024-02-21,M6,O21,172,MORNING
B100425,P1009,2023-02-03,M5,O36,296,NIGHT
B100426,P1037,2025-05-05,M5,O10,266,AFTERNOON
B100427,P1015,2025-10-19,M9,O22,297,MORNING
B100428,P1052,2025-09-27,M12,O32,139,MORNING
B100429,P1008,2025-09-27,M3,O35,277,NIGHT
B100430,P1003,2023-03-11,M14,O5,347,NIGHT
B100431,P1026,2023-10-09,M14,O15,214,MORNING
B100432,P1009,2023-01-19,M4,O33,226,AFTERNOON
B100433,P1059,2025-09-16,M11,O32,256,MORNING
B100434,P1034,2025-04-22,M1,O2,194,NIGHT
B100435,P1001,2025-10-25,M14,O28,239,NIGHT
B100436,P1058,2024-01-03,M2,O7,198,AFTERNOON
B100437,P1016,2024-12-26,M5,O26,242,MORNING
B100438,P1025,2025-07-29,M10,O16,299,AFTERNOON
B100439,P1054,2023-06-15,M11,O3,246,MORNING
B100441,P1031,2025-06-07,M11,O22,253,AFTERNOON
B100442,P1054,2023-07-15,M15,O34,294,NIGHT
B100444,P1043,2024-07-28,M15,O35,233,NIGHT
B100445,P1020,2023-02-02,M4,O38,242,MORNING
B100446,P1052,2025-03-26,M15,O5,222,AFTERNOON
B100448,P1048,2023-10-14,M13,O6,60,MORNING
B100449,P1027,2024-04-20,M14,O5,249,MORNING
B100451,P1031,2024-04-12,M6,O36,260,NIGHT
B100452,P1027,2024-01-16,M11,O38,234,AFTERNOON
B100453,P1051,2024-05-19,M12,O5,224,MORNING
B100455,P1000,2024-09-23,M8,O24,189,NIGHT
B100456,P1006,2023-09-29,M2,O12,168,AFTERNOON
B100457,P1006,2023-02-23,M2,O23,287,AFTERNOON
B100458,P1038,2024-10-26,M14,O25,322,NIGHT
B100460,P1024,2023-12-14,M3,O18,224,MORNING
B100462,P1004,2025-01-09,M5,O16,235,AFTERNOON
B100463,P1029,2023-08-08,M3,O20,169,MORNING
B100464,P1025,2024-11-11,M14,O40,148,AFTERNOON
B100465,P1027,2023-10-06,M5,O21,345,AFTERNOON
B100466,P1044,2024-02-16,M8,O21,280,MORNING
B100467,P1047,2025-10-02,M10,O16,313,MORNING
B100468,P1017,2025-03-15,M6,O8,292,NIGHT
B100471,P1050,2025-04-17,M11,O32,226,MORNING
B100472,P1019,2024-05-10,M5,O10,223,MORNING
B100473,P1038,2025-09-08,M10,O26,129,AFTERNOON
B100474,P1059,2025-05-06,M9,O3,266,NIGHT
B100477,P1025,2024-11-10,M13,O28,305,MORNING
B100478,P1006,2024-06-13,M4,O33,248,AFTERNOON
B100479,P1014,2025-07-01,M6,O26,160,AFTERNOON
B100480,P1043,2025-10-21,M3,O23,330,MORNING
B100481,P1058,2023-06-25,M2,O10,248,MORNING
B100482,P1021,2025-07-21,M13,O14,185,MORNING
B100483,P1046,2025-07-15,M6,O5,241,MORNING
B100484,P1051,2023-08-24,M1,O22,187,MORNING
B100486,P1021,2025-05-23,M8,O15,279,MORNING
B100487,P1042,2025-06-04,M7,O2,155,AFTERNOON
B100488,P1056,2024-02-09,M8,O38,244,MORNING
B100489,P1017,2023-05-09,M10,O7,252,NIGHT
B100490,P1034,2024-01-18,M6,O21,261,AFTERNOON
B100491,P1031,2024-10-03,M10,O25,282,AFTERNOON
B100492,P1037,2023-08-22,M6,O23,304,NIGHT
B100493,P1045,2024-09-01,M15,O40,169,AFTERNOON
B100494,P1043,2023-10-02,M6,O8,252,MORNING
B100495,P1009,2025-03-06,M7,O39,284,MORNING
B100496,P1024,2025-05-16,M3,O32,179,AFTERNOON
B100498,P1020,2025-07-12,M10,O4,364,AFTERNOON
B100499,P1012,2025-02-25,M9,O33,121,AFTERNOON
B100500,P1026,2025-10-04,M7,O29,220,MORNING
B100501,P1048,2024-03-27,M5,O3,252,MORNING
B100502,P1034,2024-08-14,M3,O30,139,AFTERNOON
B100503,P1032,2023-08-20,M10,O8,201,MORNING
B100505,P1027,2023-07-29,M12,O16,174,MORNING
B100506,P1002,2025-07-10,M5,O23,269,NIGHT
B100508,P1055,2025-05-26,M3,O40,280,MORNING
B100509,P1003,2024-12-19,M9,O18,286,AFTERNOON
B100510,P1010,2024-10-24,M12,O19,236,NIGHT
B100511,P1057,2023-07-15,M3,O27,303,NIGHT
B100512,P1017,2023-09-17,M12,O9,250,NIGHT
B100513,P1048,2025-03-15,M8,O10,360,AFTERNOON
B100514,P1017,2025-04-28,M7,O29,360,NIGHT
B100515,P1025,2024-07-23,M12,O24,306,AFTERNOON
B100516,P1031,2024-11-01,M10,O1,342,MORNING
B100517,P1029,2025-01-03,M14,O5,150,NIGHT
B100518,P1025,2024-03-22,M7,O14,188,MORNING
B100520,P1057,2023-04-10,M1,O7,156,MORNING
B100523,P1056,2024-07-15,M2,O24,209,MORNING
B100524,P1023,2023-12-05,M1,O26,170,NIGHT
B100525,P1027,2023-07-06,M12,O7,170,MORNING
B100526,P1030,2023-06-09,M3,O38,265,MORNING
B100527,P1044,2024-12-04,M14,O8,354,NIGHT
B100528,P1027,2023-09-28,M8,O5,253,NIGHT
B100529,P1006,2024-10-03,M6,O20,280,MORNING
B100530,P1049,2023-09-30,M11,O10,331,AFTERNOON
B100531,P1010,2025-06-20,M6,O14,287,AFTERNOON
B100532,P1009,2025-04-23,M10,O29,268,MORNING
B100535,P1038,2024-08-06,M13,O2,350,NIGHT
B100536,P1042,2024-09-09,M4,O34,214,MORNING
B100537,P1041,2023-04-22,M13,O16,221,AFTERNOON
B100539,P1023,2024-10-10,M3,O25,313,NIGHT
B100540,P1036,2025-05-11,M6,O35,201,NIGHT
B100541,P1049,2023-05-30,M1,O38,141,MORNING
B100542,P1016,2024-03-17,M1,O4,316,MORNING
B100543,P1045,2025-10-23,M13,O27,227,AFTERNOON
B100544,P1025,2023-06-18,M11,O35,210,MORNING
B100545,P1005,2024-02-21,M13,O10,240,AFTERNOON
B100546,P1025,2023-05-16,M5,O28,232,MORNING
B100548,P1003,2024-09-25,M11,O12,330,AFTERNOON
B100549,P1010,2025-10-13,M6,O34,324,AFTERNOON
B100550,P1052,2024-06-14,M3,O24,335,MORNING
B100551,P1056,2023-08-30,M13,O2,337,MORNING
B100552,P1027,2024-07-11,M9,O5,234,AFTERNOON
B100553,P1031,2025-07-21,M9,O24,439,MORNING
B100554,P1054,2023-12-08,M6,O11,248,AFTERNOON
B100555,P1046,2023-08-25,M4,O33,282,MORNING
B100556,P1054,2023-01-26,M4,O3,182,MORNING
B100558,P1015,2025-05-02,M15,O21,246,MORNING
B100559,P1032,2023-04-18,M3,O15,277,NIGHT
B100560,P1002,2025-04-01,M2,O30,330,MORNING
B100561,P1005,2025-07-24,M1,O24,160,MORNING
B100562,P1036,2024-09-14,M12,O40,253,NIGHT
B100563,P1049,2024-02-05,M12,O35,317,NIGHT
B100564,P1015,2023-11-05,M1,O27,336,AFTERNOON
B100565,P1044,2023-01-20,M6,O1,263,NIGHT
B100566,P1024,2024-09-21,M2,O14,199,AFTERNOON
B100567,P1003,2023-10-19,M12,O18,240,MORNING
B100569,P1047,2023-06-23,M10,O7,327,AFTERNOON
B100570,P1040,2025-03-18,M2,O38,181,NIGHT
B100571,P1015,2024-08-20,M5,O21,219,NIGHT
B100572,P1025,2024-10-30,M6,O29,246,MORNING
B100574,P1029,2024-10-05,M7,O8,73,MORNING
B100575,P1019,2025-08-06,M5,O8,209,MORNING
B100576,P1051,2024-09-15,M14,O39,378,MORNING
B100577,P1005,2024-05-23,M6,O26,283,AFTERNOON
B100578,P1043,2024-09-04,M5,O12,319,AFTERNOON
B100579,P1047,2024-05-26,M2,O30,263,MORNING
B100580,P1050,2023-10-14,M2,O1,362,MORNING
B100581,P1012,2025-03-31,M6,O6,296,AFTERNOON
B100582,P1016,2023-06-03,M1,O5,282,NIGHT
B100583,P1005,2024-11-10,M2,O3,345,NIGHT
B100584,P1003,2023-12-11,M15,O37,147,AFTERNOON
B100587,P1015,2024-08-27,M8,O27,237,NIGHT
B100588,P1030,2023-05-05,M2,O18,195,AFTERNOON
B100589,P1051,2024-05-25,M11,O35,298,NIGHT
B100590,P1024,2025-01-05,M8,O35,262,AFTERNOON
B100591,P1020,2025-03-06,M5,O12,186,MORNING
B100592,P1038,2024-03-24,M1,O18,451,AFTERNOON
B100594,P1015,2024-06-29,M9,O4,264,AFTERNOON
B100595,P1051,2025-03-06,M6,O12,80,MORNING
B100596,P1037,2024-10-13,M13,O23,264,AFTERNOON
B100597,P1036,2023-10-19,M10,O13,241,NIGHT
B100598,P1051,2025-10-05,M9,O20,258,MORNING
B100599,P1038,2024-03-24,M1,O34,267,AFTERNOON
B100600,P1021,2024-02-17,M13,O9,226,NIGHT
B100602,P1045,2023-10-18,M13,O8,329,NIGHT
B100603,P1023,2025-03-21,M10,O7,135,MORNING
B100605,P1011,2024-12-31,M4,O38,78,NIGHT
B100606,P1024,2024-09-20,M12,O19,328,NIGHT
B100607,P1036,2025-03-12,M14,O37,331,MORNING
B100608,P1038,2024-10-13,M15,O40,266,NIGHT
B100609,P1009,2024-11-09,M12,O5,338,MORNING
B100610,P1020,2023-12-10,M11,O6,295,AFTERNOON
B100612,P1044,2023-05-19,M6,O17,275,MORNING
B100614,P1024,2024-12-20,M9,O25,314,NIGHT
B100615,P1041,2024-04-06,M3,O29,297,MORNING
B100616,P1054,2023-03-10,M5,O2,177,MORNING
B100617,P1010,2025-02-07,M3,O5,406,AFTERNOON
B100618,P1057,2023-07-10,M6,O39,397,AFTERNOON
B100619,P1027,2023-12-04,M10,O28,236,MORNING
B100623,P1000,2025-05-25,M2,O19,225,NIGHT
B100625,P1005,2025-08-27,M14,O8,256,MORNING
B100626,P1025,2025-08-22,M8,O17,323,MORNING
B100627,P1056,2025-02-20,M6,O12,297,AFTERNOON
B100628,P1016,2025-06-19,M8,O17,258,MORNING
B100629,P1048,2023-07-18,M2,O23,304,NIGHT
B100631,P1034,2025-08-30,M10,O16,141,AFTERNOON
B100632,P1005,2025-03-19,M15,O3,99,NIGHT
B100633,P1043,2023-10-29,M2,O29,248,MORNING
B100634,P1010,2024-03-09,M13,O13,301,NIGHT
B100635,P1027,2024-02-18,M14,O10,302,NIGHT
B100636,P1016,2024-10-16,M15,O5,326,AFTERNOON
B100637,P1054,2024-07-19,M9,O30,296,NIGHT
B100638,P1000,2025-05-09,M2,O27,303,AFTERNOON
B100639,P1006,2023-08-05,M10,O7,323,NIGHT
B100640,P1055,2024-12-05,M15,O27,240,AFTERNOON
B100641,P1030,2023-03-18,M3,O18,351,AFTERNOON
B100642,P1039,2025-04-02,M1,O26,298,MORNING
B100643,P1047,2025-08-31,M15,O18,209,NIGHT
B100644,P1001,2024-11-22,M14,O20,199,NIGHT
B100646,P1047,2025-06-26,M13,O21,241,AFTERNOON
B100647,P1012,2025-06-23,M4,O27,322,AFTERNOON
B100648,P1048,2025-02-04,M14,O4,208,MORNING
B100650,P1001,2023-12-22,M4,O13,277,AFTERNOON
B100651,P1058,2025-01-08,M12,O13,204,MORNING
B100652,P1052,2025-08-08,M9,O26,226,MORNING
B100653,P1023,2025-09-28,M10,O29,222,MORNING
B100654,P1055,2025-08-29,M10,O36,225,NIGHT
B100655,P1047,2023-07-05,M5,O2,283,MORNING
B100658,P1008,2023-12-21,M10,O1,265,NIGHT
B100660,P1029,2024-05-31,M4,O30,222,AFTERNOON
B100661,P1037,2023-07-29,M1,O33,330,NIGHT
B100662,P1053,2025-02-05,M9,O39,204,MORNING
B100663,P1004,2024-11-19,M5,O21,212,NIGHT
B100664,P1016,2024-09-03,M4,O10,198,MORNING
B100666,P1046,2023-02-22,M11,O32,304,AFTERNOON
B100667,P1024,2023-03-14,M10,O37,249,NIGHT
B100668,P1021,2024-03-31,M11,O35,198,NIGHT
B100669,P1022,2024-09-06,M14,O11,189,NIGHT
B100670,P1056,2024-01-06,M5,O7,136,AFTERNOON
B100672,P1014,2024-12-28,M4,O20,121,MORNING
B100673,P1037,2024-08-25,M8,O8,320,AFTERNOON
B100674,P1055,2023-05-26,M8,O13,109,MORNING
B100675,P1019,2025-04-26,M1,O10,249,MORNING
B100677,P1055,2024-01-05,M13,O6,121,AFTERNOON
B100678,P1040,2023-12-29,M6,O4,305,NIGHT
B100679,P1010,2023-11-21,M8,O6,251,MORNING
B100680,P1027,2025-05-29,M7,O28,317,MORNING
B100681,P1012,2025-02-03,M1,O21,235,NIGHT
B100682,P1033,2024-01-26,M1,O1,212,AFTERNOON
B100683,P1022,2024-10-01,M3,O7,212,MORNING
B100685,P1046,2024-11-22,M7,O9,197,MORNING
B100686,P1057,2025-09-30,M6,O13,327,NIGHT
B100687,P1001,2024-04-12,M4,O9,381,MORNING
B100688,P1001,2025-10-30,M3,O8,182,MORNING
B100689,P1056,2024-06-07,M13,O35,325,AFTERNOON
B100690,P1038,2023-04-09,M11,O7,242,AFTERNOON
B100691,P1026,2025-06-28,M7,O8,238,AFTERNOON
B100692,P1030,2023-11-10,M4,O1,217,AFTERNOON
B100693,P1017,2023-10-08,M7,O7,347,AFTERNOON
B100694,P1039,2023-08-30,M5,O8,267,AFTERNOON
B100695,P1049,2024-06-22,M14,O34,169,NIGHT
B100696,P1022,2025-04-19,M5,O11,329,MORNING
B100697,P1059,2025-09-11,M6,O16,270,MORNING
B100698,P1042,2023-07-02,M15,O8,303,MORNING
B100700,P1041,2024-04-18,M8,O19,248,NIGHT
B100701,P1055,2023-03-22,M14,O19,272,MORNING
B100702,P1043,2024-10-02,M7,O8,347,MORNING
B100704,P1057,2025-06-15,M10,O18,272,NIGHT
B100706,P1017,2025-02-28,M12,O31,281,NIGHT
B100707,P1007,2023-09-29,M12,O4,153,NIGHT
B100708,P1054,2023-11-23,M2,O27,318,AFTERNOON
B100709,P1028,2024-01-07,M10,O25,207,NIGHT
B100710,P1039,2023-03-01,M14,O9,169,NIGHT
B100711,P1028,2023-04-05,M2,O17,258,AFTERNOON
B100712,P1000,2024-04-03,M11,O22,143,AFTERNOON
B100713,P1027,2024-05-24,M8,O23,237,AFTERNOON
B100716,P1055,2023-12-05,M2,O32,223,MORNING
B100717,P1032,2024-04-01,M9,O25,306,AFTERNOON
B100719,P1028,2024-10-09,M2,O32,177,AFTERNOON
B100720,P1001,2023-07-30,M7,O27,336,NIGHT
B100721,P1050,2024-09-15,M15,O33,269,AFTERNOON
B100722,P1041,2025-07-23,M6,O24,308,NIGHT
B100724,P1007,2023-07-19,M13,O15,315,AFTERNOON
B100725,P1051,2024-08-20,M9,O34,250,MORNING
B100726,P1006,2023-04-04,M15,O11,120,AFTERNOON
B100727,P1026,2023-08-08,M5,O40,256,MORNING
B100729,P1048,2025-04-28,M1,O38,209,MORNING
B100730,P1057,2025-07-11,M8,O38,286,AFTERNOON
B100731,P1033,2023-04-10,M9,O28,239,NIGHT
B100732,P1030,2023-12-29,M12,O38,309,MORNING
B100734,P1038,2024-05-23,M5,O26,430,AFTERNOON
B100735,P1008,2023-10-10,M7,O39,207,AFTERNOON
B100736,P1047,2024-09-04,M14,O36,320,NIGHT
B100737,P1040,2024-03-21,M4,O14,165,AFTERNOON
B100738,P1018,2024-12-08,M15,O9,350,NIGHT
B100739,P1032,2024-10-22,M12,O8,238,NIGHT
B100741,P1057,2024-08-08,M15,O28,211,NIGHT
B100743,P1048,2023-11-26,M5,O17,332,MORNING
B100745,P1055,2024-04-04,M12,O36,275,MORNING
B100746,P1032,2024-08-12,M12,O4,312,NIGHT
B100747,P1043,2024-10-02,M9,O4,219,MORNING
B100749,P1041,2025-01-23,M13,O38,114,AFTERNOON
B100750,P1038,2024-02-07,M13,O13,238,AFTERNOON
B100751,P1011,2023-12-22,M12,O33,292,MORNING
B100752,P1002,2025-05-27,M5,O36,246,NIGHT
B100754,P1059,2024-10-22,M10,O4,264,NIGHT
B100756,P1004,2024-10-12,M9,O15,331,NIGHT
B100757,P1010,2025-05-01,M9,O35,227,AFTERNOON
B100758,P1022,2024-03-29,M15,O14,217,MORNING
B100759,P1048,2025-08-30,M9,O1,196,MORNING
B100762,P1034,2024-08-02,M1,O34,279,NIGHT
B100763,P1028,2025-09-23,M1,O19,188,NIGHT
B100764,P1012,2024-10-18,M9,O6,290,NIGHT
B100765,P1034,2023-01-16,M11,O5,236,MORNING
B100766,P1040,2024-03-12,M14,O28,274,NIGHT
B100767,P1056,2025-06-10,M11,O5,209,AFTERNOON
B100768,P1009,2023-02-18,M8,O22,276,MORNING
B100770,P1026,2025-03-05,M8,O26,238,AFTERNOON
B100771,P1034,2023-01-13,M11,O40,255,MORNING
B100772,P1047,2023-04-04,M12,O5,198,MORNING
B100773,P1043,2024-09-09,M10,O6,314,MORNING
B100774,P1059,2025-06-15,M7,O26,257,MORNING
B100775,P1014,2023-10-07,M12,O26,234,NIGHT
B100776,P1054,2024-08-27,M11,O10,206,NIGHT
B100777,P1055,2025-02-03,M1,O36,389,NIGHT
B100778,P1009,2023-09-10,M1,O1,187,AFTERNOON
B100779,P1005,2024-09-16,M4,O23,219,MORNING
B100781,P1011,2023-04-22,M14,O36,380,AFTERNOON
B100782,P1035,2023-05-30,M5,O5,249,AFTERNOON
B100783,P1021,2025-01-01,M3,O16,296,MORNING
B100784,P1039,2023-05-23,M15,O13,218,AFTERNOON
B100785,P1019,2023-11-09,M10,O37,319,MORNING
B100786,P1020,2025-05-27,M3,O1,202,AFTERNOON
B100787,P1041,2025-06-12,M5,O24,363,MORNING
B100788,P1046,2024-11-10,M15,O31,185,MORNING
B100789,P1035,2023-08-11,M3,O39,265,MORNING
B100790,P1017,2023-10-14,M15,O35,287,AFTERNOON
B100791,P1046,2023-06-04,M15,O2,357,NIGHT
B100792,P1040,2023-03-05,M14,O38,144,MORNING
B100793,P1002,2024-06-17,M9,O35,192,AFTERNOON
B100794,P1049,2023-11-01,M6,O26,270,AFTERNOON
B100795,P1018,2023-10-02,M8,O33,368,AFTERNOON
B100796,P1025,2025-01-15,M9,O1,179,NIGHT
B100798,P1010,2024-01-02,M10,O37,151,AFTERNOON
B100799,P1030,2025-01-04,M1,O15,95,NIGHT
B100800,P1014,2023-05-09,M5,O24,260,AFTERNOON
B100801,P1050,2025-01-09,M7,O31,353,NIGHT
B100802,P1056,2023-04-06,M1,O21,396,AFTERNOON
B100805,P1024,2024-04-01,M9,O26,140,MORNING
B100806,P1055,2024-12-07,M8,O31,256,NIGHT
B100807,P1028,2023-12-06,M4,O5,244,AFTERNOON
B100808,P1017,2024-03-09,M3,O12,302,NIGHT
B100809,P1042,2024-04-16,M7,O22,329,AFTERNOON
B100810,P1030,2025-09-07,M8,O14,164,AFTERNOON
B100811,P1015,2023-03-30,M3,O37,195,AFTERNOON
B100814,P1056,2024-08-03,M2,O14,41,NIGHT
B100815,P1010,2024-03-25,M14,O27,318,AFTERNOON
B100816,P1050,2024-01-08,M10,O33,239,MORNING
B100817,P1029,2023-05-21,M4,O25,361,MORNING
B100819,P1009,2023-07-17,M3,O31,185,NIGHT
B100821,P1008,2023-01-03,M15,O28,249,AFTERNOON
B100822,P1023,2023-03-30,M12,O34,100,AFTERNOON
B100823,P1049,2025-02-19,M6,O38,321,NIGHT
B100824,P1058,2023-07-20,M7,O9,246,NIGHT
B100825,P1005,2024-08-03,M10,O35,369,AFTERNOON
B100826,P1012,2023-01-12,M12,O1,219,MORNING
B100827,P1041,2024-02-25,M12,O21,233,AFTERNOON
B100828,P1006,2023-11-13,M7,O38,246,AFTERNOON
B100829,P1023,2024-07-18,M11,O26,387,NIGHT
B100830,P1026,2025-09-15,M3,O24,174,NIGHT
B100831,P1036,2024-12-06,M13,O26,220,AFTERNOON
B100832,P1054,2023-09-01,M12,O15,147,MORNING
B100833,P1013,2025-03-31,M13,O22,285,NIGHT
B100834,P1039,2023-04-17,M3,O25,257,MORNING
B100835,P1009,2025-08-23,M15,O39,248,AFTERNOON
B100837,P1025,2024-08-09,M12,O39,259,MORNING
B100838,P1049,2023-12-25,M11,O32,206,AFTERNOON
B100839,P1051,2024-08-08,M4,O3,267,NIGHT
B100841,P1010,2023-06-27,M5,O26,191,MORNING
B100842,P1025,2025-04-10,M10,O13,136,MORNING
B100843,P1005,2024-08-05,M12,O36,237,NIGHT
B100844,P1022,2024-12-12,M14,O18,276,AFTERNOON
B100845,P1025,2023-01-10,M5,O12,427,AFTERNOON
B100846,P1006,2023-05-29,M9,O19,231,AFTERNOON
B100847,P1016,2024-05-27,M12,O29,279,NIGHT
B100848,P1036,2025-09-17,M13,O16,258,AFTERNOON
B100850,P1024,2024-03-27,M11,O15,272,MORNING
B100851,P1034,2023-01-20,M12,O17,181,MORNING
B100852,P1005,2025-03-28,M11,O22,393,AFTERNOON
B100853,P1022,2024-03-23,M15,O37,324,MORNING
B100854,P1047,2024-01-25,M8,O13,254,MORNING
B100855,P1014,2024-02-20,M14,O16,301,NIGHT
B100856,P1022,2023-11-16,M13,O7,270,NIGHT
B100857,P1031,2023-01-14,M13,O35,269,NIGHT
B100858,P1054,2025-09-14,M6,O40,190,NIGHT
B100859,P1036,2024-07-16,M8,O12,387,NIGHT
B100860,P1058,2024-07-27,M7,O15,250,AFTERNOON
B100862,P1025,2023-12-24,M8,O8,225,AFTERNOON
B100863,P1000,2024-03-07,M7,O38,176,MORNING
B100865,P1021,2025-01-19,M3,O32,305,AFTERNOON
B100866,P1026,2025-02-01,M6,O26,241,MORNING
B100867,P1036,2024-04-13,M14,O7,293,AFTERNOON
B100868,P1051,2024-04-27,M9,O28,278,NIGHT
B100871,P1016,2023-04-08,M7,O7,237,AFTERNOON
B100872,P1003,2024-03-17,M14,O17,152,AFTERNOON
B100874,P1059,2024-06-11,M6,O2,194,AFTERNOON
B100875,P1038,2024-02-12,M10,O37,284,AFTERNOON
B100876,P1034,2023-12-24,M13,O19,185,AFTERNOON
B100877,P1047,2025-07-04,M15,O6,332,MORNING
B100878,P1018,2025-08-07,M11,O10,317,NIGHT
B100879,P1026,2025-04-08,M14,O5,176,MORNING
B100880,P1021,2024-04-12,M6,O21,186,AFTERNOON
B100881,P1025,2024-07-09,M15,O29,159,NIGHT
B100883,P1042,2024-05-30,M12,O6,263,MORNING
B100884,P1025,2023-07-30,M2,O5,323,MORNING
B100885,P1049,2025-03-24,M9,O6,219,MORNING
B100886,P1039,2023-11-15,M2,O25,230,MORNING
B100888,P1001,2023-03-13,M11,O23,289,AFTERNOON
B100890,P1044,2023-12-29,M10,O39,137,NIGHT
B100891,P1027,2024-09-26,M15,O23,281,AFTERNOON
B100892,P1014,2023-07-03,M8,O20,213,MORNING
B100893,P1000,2023-10-07,M6,O19,290,AFTERNOON
B100895,P1038,2024-04-18,M13,O1,363,AFTERNOON
B100896,P1012,2025-04-23,M15,O36,201,AFTERNOON
B100897,P1041,2025-03-09,M14,O25,270,MORNING
B100898,P1005,2025-05-14,M11,O16,125,AFTERNOON
B100899,P1044,2024-07-10,M5,O35,236,NIGHT
B100901,P1039,2025-07-16,M5,O40,302,AFTERNOON
B100902,P1020,2023-02-09,M3,O4,264,NIGHT
B100903,P1018,2024-07-05,M3,O29,247,AFTERNOON
B100906,P1002,2024-11-07,M2,O10,363,MORNING
B100907,P1030,2024-01-07,M4,O17,291,NIGHT
B100908,P1053,2023-01-26,M2,O16,107,MORNING
B100911,P1047,2023-09-08,M5,O31,233,AFTERNOON
B100913,P1040,2025-06-08,M6,O1,212,MORNING
B100915,P1030,2023-11-14,M6,O6,251,MORNING
B100916,P1031,2023-07-07,M11,O40,152,NIGHT
B100917,P1003,2023-05-03,M6,O10,407,AFTERNOON
B100918,P1050,2023-08-08,M3,O32,271,NIGHT
B100919,P1048,2024-12-12,M13,O29,446,AFTERNOON
B100920,P1001,2025-02-12,M6,O9,249,AFTERNOON
B100921,P1035,2024-08-26,M9,O32,269,MORNING
B100922,P1011,2024-12-13,M6,O30,229,NIGHT
B100923,P1035,2023-11-25,M2,O34,380,MORNING
B100925,P1046,2024-01-15,M15,O2,284,AFTERNOON
B100926,P1023,2024-05-04,M6,O5,202,MORNING
B100927,P1033,2025-10-15,M13,O36,176,MORNING
B100928,P1018,2024-10-22,M7,O21,315,MORNING
B100929,P1053,2023-09-23,M3,O3,304,MORNING
B100930,P1031,2024-01-28,M2,O3,129,AFTERNOON
B100931,P1033,2024-06-08,M1,O24,192,MORNING
B100933,P1029,2023-05-05,M6,O36,116,AFTERNOON
B100934,P1056,2025-05-01,M14,O24,256,AFTERNOON
B100935,P1033,2023-03-25,M12,O5,226,NIGHT
B100936,P1004,2024-03-18,M9,O7,290,MORNING
B100937,P1012,2024-05-24,M10,O12,280,AFTERNOON
B100938,P1035,2025-04-30,M12,O7,259,AFTERNOON
B100939,P1044,2025-05-24,M15,O7,158,MORNING
B100940,P1011,2025-04-02,M9,O22,202,AFTERNOON
B100941,P1059,2024-12-22,M15,O21,177,AFTERNOON
B100942,P1020,2025-01-31,M7,O28,278,MORNING
B100943,P1034,2024-03-14,M7,O36,195,NIGHT
B100944,P1016,2025-01-07,M8,O29,251,MORNING
B100945,P1018,2023-02-03,M9,O9,249,NIGHT
B100947,P1044,2024-07-19,M15,O36,309,AFTERNOON
B100948,P1036,2023-11-13,M2,O3,210,MORNING
B100949,P1056,2024-05-26,M4,O17,260,NIGHT
B100950,P1005,2025-03-29,M10,O14,238,NIGHT
B100951,P1011,2025-09-26,M14,O37,138,NIGHT
B100952,P1006,2024-09-07,M1,O37,160,NIGHT
B100955,P1040,2025-02-22,M1,O20,113,AFTERNOON
B100957,P1025,2025-07-01,M13,O39,211,AFTERNOON
B100958,P1005,2024-03-30,M7,O19,258,MORNING
B100959,P1030,2023-04-11,M9,O26,211,MORNING
B100961,P1025,2024-02-06,M9,O40,170,NIGHT
B100962,P1033,2024-05-19,M4,O5,242,AFTERNOON
B100963,P1036,2023-07-03,M2,O27,323,AFTERNOON
B100964,P1022,2024-01-26,M6,O23,237,MORNING
B100966,P1059,2024-04-23,M4,O24,312,MORNING
B100967,P1047,2023-04-22,M4,O40,343,NIGHT
B100969,P1001,2024-11-10,M4,O35,218,MORNING
B100970,P1034,2024-06-13,M9,O31,93,AFTERNOON
B100972,P1033,2023-03-31,M5,O11,293,AFTERNOON
B100974,P1042,2024-07-09,M11,O24,259,NIGHT
B100975,P1041,2025-03-02,M4,O25,239,AFTERNOON
B100976,P1045,2023-07-23,M15,O21,156,MORNING
B100977,P1012,2025-10-22,M8,O36,259,NIGHT
B100978,P1001,2023-03-23,M4,O34,222,AFTERNOON
B100979,P1001,2024-12-11,M11,O23,326,MORNING
B100980,P1019,2024-04-28,M9,O18,287,NIGHT
B100982,P1021,2025-03-15,M11,O9,308,NIGHT
B100984,P1027,2024-10-01,M15,O39,208,MORNING
B100985,P1008,2024-02-19,M14,O9,326,MORNING
B100986,P1045,2023-10-04,M7,O10,199,MORNING
B100987,P1004,2023-08-31,M3,O21,174,NIGHT
B100989,P1028,2024-07-14,M3,O13,200,MORNING
B100990,P1011,2023-02-23,M13,O40,179,AFTERNOON
B100991,P1038,2024-04-20,M4,O2,185,MORNING
B100992,P1044,2025-09-03,M3,O33,294,AFTERNOON
B100993,P1011,2025-03-04,M8,O31,185,MORNING
B100994,P1012,2024-04-08,M1,O27,251,MORNING
B100995,P1026,2024-03-31,M12,O13,237,NIGHT
B100997,P1029,2024-05-20,M7,O26,189,NIGHT
B100998,P1038,2025-02-18,M12,O21,119,AFTERNOON
B100999,P1034,2023-03-20,M9,O7,352,AFTERNOON
B101000,P1052,2023-03-28,M15,O16,180,AFTERNOON
B101001,P1035,2025-03-04,M9,O4,241,MORNING
B101002,P1028,2025-03-26,M15,O20,258,MORNING
B101003,P1018,2023-04-22,M12,O34,193,NIGHT
B101004,P1029,2025-07-14,M2,O33,342,NIGHT
B101005,P1044,2023-10-05,M7,O27,329,MORNING
B101006,P1001,2024-01-02,M8,O38,368,NIGHT
B101007,P1005,2024-05-27,M6,O11,159,AFTERNOON
B101008,P1007,2023-07-06,M2,O29,230,AFTERNOON
B101009,P1046,2023-11-24,M7,O36,227,MORNING
B101010,P1049,2023-12-16,M15,O22,155,MORNING
B101012,P1019,2025-07-02,M5,O12,277,MORNING
B101013,P1039,2024-06-02,M1,O30,275,AFTERNOON
B101014,P1031,2023-01-12,M10,O32,257,AFTERNOON
B101015,P1026,2025-06-23,M2,O39,343,AFTERNOON
B101016,P1015,2024-07-23,M10,O36,270,MORNING
B101017,P1003,2024-12-15,M1,O10,206,NIGHT
B101018,P1042,2024-09-03,M6,O6,319,MORNING
B101019,P1043,2024-08-05,M10,O39,272,AFTERNOON
B101020,P1035,2023-12-30,M8,O38,237,NIGHT
B101021,P1020,2025-01-24,M15,O25,264,NIGHT
B101022,P1048,2025-05-25,M14,O36,322,MORNING
B101023,P1055,2024-07-16,M6,O34,281,AFTERNOON
B101024,P1013,2024-03-04,M10,O4,337,AFTERNOON
B101025,P1005,2025-09-17,M12,O39,321,NIGHT
B101026,P1045,2024-08-11,M7,O39,281,AFTERNOON
B101027,P1039,2024-12-25,M15,O9,205,AFTERNOON
B101028,P1031,2025-10-16,M8,O12,287,MORNING
B101029,P1012,2023-01-04,M2,O2,215,AFTERNOON
B101030,P1050,2023-08-30,M12,O14,329,AFTERNOON
B101031,P1021,2024-12-17,M9,O14,10,MORNING
B101033,P1000,2023-08-22,M11,O22,327,MORNING
B101034,P1046,2023-03-01,M14,O12,295,NIGHT
B101035,P1030,2025-08-29,M13,O3,374,AFTERNOON
B101036,P1030,2023-11-15,M11,O30,317,MORNING
B101037,P1050,2025-04-27,M15,O4,195,NIGHT
B101038,P1019,2024-10-08,M9,O35,341,MORNING
B101039,P1058,2024-12-25,M2,O10,260,MORNING
B101040,P1001,2024-11-25,M7,O35,299,MORNING
B101041,P1038,2023-08-28,M14,O20,173,AFTERNOON
B101042,P1020,2023-03-06,M5,O27,372,MORNING
B101044,P1007,2025-02-05,M13,O3,276,AFTERNOON
B101045,P1001,2025-09-15,M15,O33,97,MORNING
B101047,P1006,2023-09-29,M4,O3,307,AFTERNOON
B101048,P1045,2023-08-26,M1,O20,347,AFTERNOON
B101050,P1049,2024-10-01,M1,O37,255,MORNING
B101051,P1012,2024-01-30,M5,O18,150,AFTERNOON
B101052,P1049,2025-06-22,M11,O8,244,MORNING
B101053,P1039,2023-07-29,M4,O35,290,MORNING
B101054,P1020,2024-07-09,M3,O19,211,MORNING
B101055,P1057,2024-11-24,M9,O29,230,MORNING
B101056,P1001,2025-08-22,M15,O4,268,AFTERNOON
B101057,P1011,2025-07-02,M10,O23,264,MORNING
B101058,P1052,2024-02-10,M12,O35,389,NIGHT
B101059,P1036,2023-09-27,M2,O30,325,MORNING
B101060,P1019,2025-08-11,M8,O15,286,NIGHT
B101061,P1016,2025-01-14,M7,O12,237,AFTERNOON
B101062,P1042,2024-11-07,M13,O21,233,AFTERNOON
B101063,P1022,2025-09-07,M8,O11,255,MORNING
B101064,P1022,2023-09-18,M9,O7,158,MORNING
B101065,P1035,2023-05-26,M13,O20,311,AFTERNOON
B101066,P1025,2025-04-26,M4,O40,251,AFTERNOON
B101067,P1004,2024-11-28,M4,O38,291,AFTERNOON
B101068,P1027,2024-12-01,M9,O16,298,AFTERNOON
B101069,P1045,2025-09-23,M2,O38,342,AFTERNOON
B101070,P1020,2023-07-19,M14,O29,328,MORNING
B101072,P1003,2023-07-05,M4,O9,364,AFTERNOON
B101073,P1000,2023-10-28,M11,O10,151,AFTERNOON
B101074,P1018,2025-03-09,M10,O37,205,NIGHT
B101075,P1019,2024-09-15,M15,O28,265,AFTERNOON
B101076,P1058,2024-12-06,M2,O38,454,AFTERNOON
B101077,P1008,2024-08-25,M1,O24,260,NIGHT
B101078,P1003,2023-01-02,M12,O36,278,NIGHT
B101079,P1055,2023-03-05,M4,O28,190,AFTERNOON
B101080,P1025,2024-10-13,M12,O25,187,MORNING
B101081,P1011,2025-08-30,M3,O13,291,AFTERNOON
B101083,P1008,2023-01-24,M2,O2,449,MORNING
B101084,P1056,2025-09-23,M11,O28,287,MORNING
B101085,P1051,2025-05-01,M14,O30,244,NIGHT
B101086,P1044,2025-05-21,M10,O12,179,NIGHT
B101087,P1024,2024-12-28,M4,O12,270,AFTERNOON
B101088,P1000,2025-10-17,M14,O16,236,NIGHT
B101090,P1045,2025-01-24,M2,O38,143,MORNING
B101091,P1046,2024-07-26,M8,O34,262,MORNING
B101092,P1056,2023-07-01,M4,O31,179,AFTERNOON
B101093,P1043,2024-10-01,M10,O4,174,NIGHT
B101094,P1034,2023-01-23,M8,O30,171,AFTERNOON
B101095,P1026,2024-12-23,M13,O19,243,MORNING
B101096,P1002,2024-09-14,M12,O37,243,AFTERNOON
B101097,P1036,2023-04-16,M11,O19,348,NIGHT
B101098,P1039,2023-02-25,M5,O32,322,NIGHT
B101099,P1017,2024-05-31,M3,O40,291,MORNING
B101100,P1054,2024-06-10,M1,O8,127,AFTERNOON
B101101,P1042,2025-07-03,M6,O12,156,MORNING
B101102,P1044,2024-04-28,M8,O12,292,MORNING
B101105,P1013,2024-12-07,M1,O17,325,NIGHT
B101106,P1007,2023-04-18,M3,O30,202,AFTERNOON
B101107,P1048,2024-04-23,M7,O25,285,AFTERNOON
B101108,P1009,2025-06-09,M1,O19,318,AFTERNOON
B101109,P1033,2023-03-26,M2,O35,216,AFTERNOON
B101110,P1054,2025-06-03,M10,O18,221,MORNING
B101111,P1041,2025-03-12,M8,O16,297,AFTERNOON
B101112,P1037,2024-02-04,M9,O22,152,MORNING
B101113,P1000,2023-01-18,M14,O5,51,MORNING
B101114,P1006,2023-08-01,M11,O29,182,MORNING
B101115,P1002,2023-02-18,M10,O6,340,MORNING
B101116,P1038,2024-03-20,M10,O8,240,NIGHT
B101117,P1008,2025-02-08,M11,O37,215,NIGHT
B101118,P1011,2023-08-16,M12,O12,248,NIGHT
B101119,P1040,2025-07-17,M15,O18,328,NIGHT
B101120,P1044,2024-10-24,M5,O11,260,MORNING
B101121,P1024,2024-11-12,M1,O17,194,NIGHT
B101122,P1016,2023-12-31,M8,O5,89,AFTERNOON
B101123,P1011,2025-10-04,M2,O10,258,AFTERNOON
B101125,P1004,2023-05-25,M10,O17,192,NIGHT
B101126,P1001,2025-10-16,M3,O1,344,MORNING
B101127,P1044,2024-11-06,M15,O26,207,AFTERNOON
B101128,P1032,2025-10-01,M8,O28,157,NIGHT
B101129,P1004,2024-04-07,M1,O25,314,NIGHT
B101130,P1052,2025-09-14,M2,O37,38,MORNING
B101131,P1019,2025-03-31,M1,O6,202,MORNING
B101132,P1054,2024-11-27,M2,O30,253,MORNING
B101134,P1024,2023-08-07,M11,O23,104,AFTERNOON
B101135,P1012,2023-10-14,M1,O13,262,MORNING
B101137,P1034,2025-07-09,M1,O3,283,MORNING
B101138,P1021,2023-03-29,M7,O8,274,AFTERNOON
B101139,P1043,2023-11-02,M12,O38,349,MORNING
B101140,P1004,2023-03-17,M12,O10,236,NIGHT
B101142,P1040,2023-04-13,M15,O20,263,AFTERNOON
B101143,P1053,2023-05-11,M14,O7,221,MORNING
B101144,P1038,2024-03-27,M2,O13,135,NIGHT
B101145,P1043,2025-04-03,M6,O8,307,NIGHT
B101146,P1036,2023-10-09,M6,O14,258,MORNING
B101147,P1007,2024-07-14,M3,O27,156,MORNING
B101148,P1023,2023-12-04,M8,O16,268,MORNING
B101149,P1054,2025-02-09,M13,O11,240,MORNING
B101150,P1031,2023-06-15,M1,O1,262,AFTERNOON
B101151,P1056,2024-08-04,M7,O31,277,AFTERNOON
B101153,P1039,2023-03-19,M10,O12,239,AFTERNOON
B101154,P1039,2023-06-30,M11,O20,246,MORNING
B101155,P1007,2023-07-15,M10,O24,255,NIGHT
B101157,P1043,2025-08-29,M8,O12,295,MORNING
B101158,P1059,2023-03-30,M1,O24,233,MORNING
B101159,P1051,2025-07-17,M1,O7,322,AFTERNOON
B101160,P1059,2023-12-27,M3,O2,215,NIGHT
B101161,P1046,2025-06-29,M10,O38,253,MORNING
B101163,P1055,2024-02-14,M7,O15,278,MORNING
B101164,P1037,2025-09-19,M1,O28,348,AFTERNOON
B101167,P1017,2023-10-07,M2,O30,265,AFTERNOON
B101168,P1010,2024-12-04,M4,O19,151,AFTERNOON
B101169,P1039,2023-12-15,M10,O36,175,NIGHT
B101170,P1005,2025-04-23,M14,O34,19,AFTERNOON
B101171,P1053,2025-08-05,M5,O1,265,AFTERNOON
B101172,P1047,2024-05-20,M4,O21,204,NIGHT
B101174,P1030,2025-10-29,M1,O28,171,NIGHT
B101175,P1052,2023-07-20,M8,O32,234,MORNING
B101176,P1035,2023-01-26,M12,O27,285,MORNING
B101177,P1041,2023-07-05,M1,O31,238,AFTERNOON
B101178,P1010,2025-07-29,M14,O37,249,AFTERNOON
B101179,P1049,2023-10-11,M14,O26,234,MORNING
B101180,P1055,2025-01-28,M11,O30,248,AFTERNOON
B101181,P1024,2024-11-12,M9,O3,246,MORNING
B101182,P1048,2024-07-06,M12,O40,129,NIGHT
B101184,P1058,2025-01-15,M15,O4,301,AFTERNOON
B101185,P1023,2025-01-20,M3,O36,292,AFTERNOON
B101186,P1035,2024-02-24,M3,O22,252,AFTERNOON
B101187,P1048,2024-03-05,M13,O15,284,MORNING
B101188,P1057,2024-07-01,M9,O28,245,MORNING
B101189,P1031,2025-10-23,M9,O8,274,AFTERNOON
B101190,P1034,2024-08-21,M8,O40,179,AFTERNOON
B101191,P1056,2023-05-15,M4,O30,327,MORNING
B101194,P1040,2023-02-16,M5,O27,335,MORNING
B101195,P1022,2025-05-10,M8,O2,233,MORNING
B101196,P1004,2023-02-15,M14,O15,293,MORNING
B101198,P1042,2025-06-30,M8,O20,113,MORNING
B101199,P1050,2024-06-16,M4,O31,188,MORNING
B101200,P1018,2023-04-07,M3,O23,212,AFTERNOON
B101202,P1044,2023-11-11,M3,O16,415,AFTERNOON
B101203,P1028,2024-06-17,M6,O12,399,MORNING
B101205,P1010,2024-09-09,M2,O2,244,AFTERNOON
B101206,P1031,2023-10-25,M8,O21,353,AFTERNOON
B101207,P1032,2024-11-09,M11,O19,404,AFTERNOON
B101209,P1007,2025-09-07,M15,O3,93,MORNING
B101210,P1035,2023-08-28,M5,O2,140,AFTERNOON
B101211,P1005,2024-10-30,M1,O39,327,AFTERNOON
B101212,P1037,2024-03-30,M13,O18,259,NIGHT
B101213,P1043,2023-06-28,M9,O26,277,MORNING
B101214,P1020,2023-04-25,M15,O24,161,AFTERNOON
B101215,P1024,2025-02-02,M1,O19,316,MORNING
B101217,P1026,2025-06-25,M5,O11,309,NIGHT
B101218,P1057,2025-05-18,M12,O27,309,MORNING
B101219,P1013,2024-09-13,M8,O34,321,NIGHT
B101220,P1004,2025-02-08,M2,O1,119,AFTERNOON
B101221,P1035,2025-08-04,M12,O37,333,NIGHT
B101222,P1008,2024-02-13,M3,O25,230,NIGHT
B101223,P1019,2024-09-14,M8,O36,328,AFTERNOON
B101227,P1038,2025-01-10,M10,O31,168,AFTERNOON
B101228,P1055,2024-06-12,M11,O31,377,MORNING
B101229,P1046,2023-02-05,M14,O17,229,MORNING
B101230,P1003,2023-10-27,M6,O30,277,MORNING
B101231,P1017,2025-01-09,M7,O23,223,MORNING
B101232,P1018,2023-06-07,M9,O13,254,MORNING
B101235,P1000,2023-10-08,M9,O19,302,MORNING
B101236,P1031,2025-04-23,M6,O11,282,MORNING
B101237,P1012,2023-08-22,M7,O30,274,NIGHT
B101238,P1007,2023-09-26,M15,O2,190,MORNING
B101240,P1021,2023-12-19,M12,O20,376,MORNING
B101241,P1054,2023-10-19,M12,O15,273,MORNING
B101242,P1013,2023-09-24,M2,O28,205,MORNING
B101243,P1049,2025-09-18,M13,O28,135,MORNING
B101245,P1002,2023-05-16,M5,O1,206,NIGHT
B101246,P1050,2023-09-11,M15,O39,291,MORNING
B101247,P1022,2023-03-01,M2,O10,394,NIGHT
B101249,P1032,2023-05-20,M2,O38,153,NIGHT
B101250,P1033,2024-03-20,M12,O13,291,NIGHT
B101251,P1000,2023-07-22,M15,O14,240,NIGHT
B101252,P1054,2025-08-30,M6,O38,291,MORNING
B101253,P1053,2024-12-27,M7,O28,346,MORNING
B101254,P1014,2025-04-14,M2,O21,274,MORNING
B101255,P1048,2025-01-09,M12,O19,273,AFTERNOON
B101256,P1002,2023-06-18,M6,O32,292,AFTERNOON
B101257,P1019,2025-06-28,M4,O36,288,AFTERNOON
B101259,P1023,2024-01-03,M1,O32,172,AFTERNOON
B101261,P1006,2023-12-12,M2,O24,297,NIGHT
B101263,P1017,2024-07-13,M13,O26,343,MORNING
B101264,P1042,2025-04-08,M8,O33,228,MORNING
B101265,P1016,2025-09-29,M8,O15,367,AFTERNOON
B101266,P1008,2023-03-02,M2,O4,289,MORNING
B101267,P1011,2025-02-22,M10,O21,178,MORNING
B101268,P1039,2023-07-17,M13,O5,205,AFTERNOON
B101270,P1016,2024-12-04,M13,O35,84,MORNING
B101271,P1027,2023-09-01,M7,O29,200,MORNING
B101272,P1024,2025-06-25,M8,O3,337,NIGHT
B101273,P1019,2023-12-03,M8,O28,268,MORNING
B101274,P1045,2025-03-07,M8,O8,176,AFTERNOON
B101275,P1034,2025-08-20,M8,O36,215,NIGHT
B101276,P1032,2023-04-25,M7,O17,63,AFTERNOON
B101277,P1022,2024-08-05,M6,O4,256,MORNING
B101278,P1002,2023-09-20,M14,O24,182,MORNING
B101279,P1057,2024-11-29,M7,O7,343,AFTERNOON
B101280,P1022,2025-04-23,M6,O4,222,AFTERNOON
B101281,P1037,2023-06-23,M15,O5,205,NIGHT
B101282,P1007,2024-11-22,M3,O2,231,AFTERNOON
B101283,P1027,2025-05-12,M5,O2,245,AFTERNOON
B101285,P1031,2023-07-24,M12,O14,223,MORNING
B101286,P1032,2024-11-26,M3,O40,193,MORNING
B101287,P1040,2023-06-04,M14,O35,425,MORNING
B101288,P1016,2023-04-08,M5,O37,209,AFTERNOON
B101289,P1005,2023-07-14,M10,O22,278,MORNING
B101290,P1036,2025-08-31,M7,O14,233,NIGHT
B101291,P1032,2024-09-06,M7,O35,272,MORNING
B101292,P1026,2025-04-03,M5,O40,146,AFTERNOON
B101294,P1036,2025-10-19,M4,O30,238,NIGHT
B101296,P1003,2024-02-15,M6,O30,273,AFTERNOON
B101297,P1019,2025-06-10,M7,O21,282,NIGHT
B101298,P1058,2023-05-12,M11,O14,281,MORNING
B101299,P1010,2024-06-09,M11,O39,204,MORNING
B101300,P1015,2023-08-21,M3,O13,373,MORNING
B101301,P1031,2025-06-12,M7,O3,271,MORNING
B101303,P1041,2023-03-28,M12,O32,195,NIGHT
B101304,P1003,2023-06-21,M6,O39,242,NIGHT
B101305,P1057,2025-01-14,M11,O6,274,MORNING
B101306,P1053,2023-10-15,M4,O8,175,MORNING
B101307,P1042,2024-05-30,M8,O6,214,MORNING
B101308,P1007,2024-10-03,M6,O38,239,AFTERNOON
B101309,P1059,2025-05-16,M4,O10,123,MORNING
B101310,P1013,2024-07-16,M8,O27,247,AFTERNOON
B101311,P1023,2023-08-20,M6,O35,343,AFTERNOON
B101312,P1043,2024-05-19,M5,O10,177,NIGHT
B101313,P1001,2023-03-13,M14,O4,334,AFTERNOON
B101314,P1050,2024-05-05,M5,O36,175,AFTERNOON
B101315,P1057,2023-09-07,M9,O16,316,NIGHT
B101316,P1024,2023-01-17,M15,O26,390,MORNING
B101317,P1059,2024-04-27,M5,O14,181,NIGHT
B101318,P1010,2025-06-17,M11,O21,336,AFTERNOON
B101319,P1002,2024-07-15,M14,O6,167,NIGHT
B101321,P1058,2023-07-25,M14,O11,221,AFTERNOON
B101322,P1032,2023-05-16,M6,O27,147,AFTERNOON
B101323,P1029,2023-02-26,M13,O4,173,AFTERNOON
B101324,P1011,2025-06-27,M13,O9,296,MORNING
B101325,P1036,2023-06-18,M2,O11,250,MORNING
B101326,P1045,2023-09-24,M14,O39,201,MORNING
B101327,P1030,2023-10-01,M5,O12,135,AFTERNOON
B101329,P1056,2025-02-11,M14,O37,318,MORNING
B101330,P1001,2024-04-13,M15,O6,295,AFTERNOON
B101332,P1016,2023-11-02,M2,O24,293,MORNING
B101333,P1033,2025-06-10,M13,O30,329,NIGHT
B101335,P1018,2025-10-09,M7,O9,379,AFTERNOON
B101336,P1013,2024-03-17,M14,O19,243,MORNING
B101337,P1050,2023-10-26,M1,O19,205,NIGHT
B101338,P1015,2025-07-12,M15,O16,177,AFTERNOON
B101339,P1000,2025-08-18,M3,O21,327,NIGHT
B101341,P1006,2023-05-01,M1,O22,139,NIGHT
B101342,P1030,2024-12-26,M10,O39,217,MORNING
B101343,P1032,2025-02-19,M5,O26,126,AFTERNOON
B101344,P1008,2023-03-26,M10,O12,244,NIGHT
B101345,P1056,2025-08-16,M3,O6,332,MORNING
B101346,P1033,2025-06-05,M3,O17,265,MORNING
B101347,P1055,2024-07-29,M12,O24,264,NIGHT
B101348,P1018,2024-06-23,M10,O17,175,MORNING
B101349,P1047,2025-10-03,M13,O10,242,AFTERNOON
B101350,P1059,2025-06-20,M1,O13,280,MORNING
B101351,P1016,2023-12-01,M12,O30,290,AFTERNOON
B101354,P1005,2024-02-22,M14,O19,267,AFTERNOON
B101355,P1017,2024-03-10,M10,O1,288,AFTERNOON
B101356,P1036,2024-01-05,M7,O5,251,MORNING
B101357,P1021,2023-02-23,M5,O8,332,MORNING
B101358,P1037,2023-08-06,M14,O21,266,NIGHT
B101359,P1042,2025-09-09,M8,O18,273,AFTERNOON
B101360,P1000,2024-11-05,M1,O40,309,AFTERNOON
B101361,P1046,2023-09-22,M4,O4,231,NIGHT
B101362,P1018,2024-10-23,M13,O4,246,AFTERNOON
B101364,P1049,2025-03-27,M2,O2,275,NIGHT
B101365,P1018,2023-11-12,M2,O20,216,AFTERNOON
B101366,P1027,2024-09-27,M15,O39,320,NIGHT
B101368,P1030,2024-07-03,M10,O39,145,NIGHT
B101369,P1039,2024-01-17,M7,O28,304,MORNING
B101370,P1032,2024-11-30,M8,O15,183,NIGHT
B101371,P1033,2023-06-21,M5,O30,161,AFTERNOON
B101372,P1058,2025-09-05,M5,O10,355,MORNING
B101375,P1046,2024-06-02,M6,O17,245,AFTERNOON
B101377,P1053,2025-03-15,M1,O6,172,AFTERNOON
B101378,P1045,2024-09-01,M6,O38,230,AFTERNOON
B101379,P1051,2024-06-26,M6,O12,133,MORNING
B101380,P1005,2024-06-15,M14,O7,237,MORNING
B101381,P1000,2023-12-18,M11,O31,255,AFTERNOON
B101382,P1025,2025-09-23,M5,O40,287,AFTERNOON
B101384,P1008,2023-01-29,M4,O8,293,MORNING
B101385,P1001,2024-03-04,M8,O10,151,AFTERNOON
B101386,P1027,2024-01-26,M2,O20,254,AFTERNOON
B101387,P1007,2023-12-07,M15,O10,210,AFTERNOON
B101388,P1028,2025-09-20,M8,O2,309,MORNING
B101389,P1036,2025-03-13,M1,O22,178,MORNING
B101390,P1040,2025-06-03,M7,O32,242,AFTERNOON
B101392,P1037,2025-09-26,M4,O4,177,MORNING
B101393,P1004,2024-07-02,M15,O27,237,NIGHT
B101394,P1007,2025-10-10,M10,O23,178,MORNING
B101395,P1046,2024-01-29,M8,O23,273,AFTERNOON
B101397,P1029,2023-09-26,M15,O19,185,AFTERNOON
B101398,P1024,2025-05-03,M14,O24,285,NIGHT
B101399,P1039,2024-02-29,M5,O6,129,AFTERNOON
B101401,P1031,2024-09-13,M4,O14,230,AFTERNOON
B101402,P1001,2025-01-04,M15,O17,224,NIGHT
B101403,P1057,2025-10-28,M1,O5,282,MORNING
B101404,P1007,2024-04-09,M2,O36,258,MORNING
B101405,P1022,2023-04-06,M13,O36,303,MORNING
B101406,P1009,2023-08-02,M12,O4,317,AFTERNOON
B101407,P1053,2023-08-16,M2,O40,216,AFTERNOON
B101408,P1054,2023-07-28,M14,O36,281,AFTERNOON
B101409,P1055,2024-02-25,M15,O24,258,MORNING
B101410,P1018,2025-06-23,M13,O33,108,MORNING
B101411,P1023,2024-11-16,M14,O9,251,MORNING
B101412,P1012,2025-06-18,M7,O1,253,MORNING
B101413,P1032,2023-12-17,M2,O18,377,MORNING
B101414,P1048,2025-04-29,M6,O16,317,AFTERNOON
B101415,P1014,2023-10-10,M13,O28,345,AFTERNOON
B101416,P1026,2025-07-28,M14,O34,268,MORNING
B101417,P1009,2023-01-21,M12,O34,186,NIGHT
B101419,P1048,2023-03-17,M11,O10,245,NIGHT
B101420,P1003,2024-08-28,M7,O26,331,NIGHT
B101421,P1046,2024-10-04,M15,O23,178,MORNING
B101422,P1017,2023-10-28,M12,O26,205,AFTERNOON
B101423,P1050,2025-06-24,M12,O23,265,NIGHT
B101424,P1050,2025-04-08,M13,O13,271,AFTERNOON
B101425,P1024,2023-09-16,M9,O35,230,MORNING
B101426,P1005,2024-10-01,M9,O22,251,MORNING
B101427,P1050,2024-06-13,M4,O20,208,AFTERNOON
B101428,P1032,2023-08-15,M12,O4,279,AFTERNOON
B101429,P1007,2023-04-08,M13,O8,204,AFTERNOON
B101431,P1036,2024-04-23,M6,O20,236,MORNING
B101432,P1050,2023-10-14,M12,O25,197,MORNING
B101433,P1037,2024-01-30,M14,O24,243,AFTERNOON
B101434,P1009,2025-05-21,M14,O27,271,NIGHT
B101435,P1030,2024-03-15,M8,O5,262,MORNING
B101436,P1033,2025-04-04,M10,O36,180,MORNING
B101438,P1026,2023-11-30,M3,O33,326,MORNING
B101439,P1045,2023-08-30,M12,O14,329,AFTERNOON
B101440,P1002,2023-11-18,M9,O24,281,NIGHT
B101441,P1007,2023-09-05,M6,O37,233,MORNING
B101442,P1033,2023-11-10,M2,O24,227,MORNING
B101444,P1059,2024-09-16,M15,O19,277,AFTERNOON
B101445,P1007,2024-12-15,M2,O3,376,AFTERNOON
B101446,P1036,2024-09-26,M10,O29,348,AFTERNOON
B101447,P1046,2023-09-29,M13,O9,178,AFTERNOON
B101448,P1029,2025-07-10,M11,O29,316,MORNING
B101449,P1039,2025-04-18,M7,O15,340,NIGHT
B101450,P1021,2023-04-04,M11,O29,241,NIGHT
B101451,P1045,2023-02-20,M10,O20,149,AFTERNOON
B101452,P1007,2023-06-24,M4,O40,136,NIGHT
B101453,P1033,2024-01-23,M13,O31,219,AFTERNOON
B101454,P1001,2023-09-04,M11,O35,255,NIGHT
B101455,P1015,2025-06-28,M2,O35,262,AFTERNOON
B101456,P1025,2023-04-03,M8,O2,226,MORNING
B101457,P1033,2024-10-11,M7,O17,287,MORNING
B101458,P1006,2023-12-11,M5,O10,299,MORNING
B101459,P1026,2023-12-13,M1,O40,359,NIGHT
B101460,P1011,2023-02-25,M12,O4,240,MORNING
B101461,P1057,2024-10-25,M5,O25,280,NIGHT
B101462,P1057,2023-09-05,M1,O13,256,MORNING
B101464,P1020,2025-08-09,M9,O27,265,AFTERNOON
B101465,P1058,2023-02-08,M5,O36,256,NIGHT
B101466,P1043,2023-07-27,M4,O36,228,AFTERNOON
B101468,P1009,2025-02-03,M9,O11,267,AFTERNOON
B101472,P1053,2024-03-11,M10,O33,241,AFTERNOON
B101473,P1004,2024-09-07,M2,O26,290,AFTERNOON
B101474,P1053,2023-10-14,M12,O36,393,MORNING
B101475,P1032,2024-10-13,M15,O22,248,AFTERNOON
B101476,P1048,2025-07-16,M5,O16,217,MORNING
B101477,P1038,2024-11-03,M1,O9,197,AFTERNOON
B101478,P1000,2025-09-02,M1,O1,216,NIGHT
B101479,P1045,2025-09-28,M13,O26,186,AFTERNOON
B101480,P1050,2023-06-08,M9,O2,350,AFTERNOON
B101481,P1007,2024-12-23,M14,O25,169,NIGHT
B101483,P1000,2024-03-29,M12,O2,297,NIGHT
B101485,P1014,2024-04-24,M8,O24,160,MORNING
B101486,P1031,2024-03-04,M1,O13,349,MORNING
B101488,P1042,2023-12-26,M2,O38,267,MORNING
B101489,P1036,2024-04-11,M15,O34,268,AFTERNOON
B101490,P1017,2024-01-28,M14,O2,357,AFTERNOON
B101491,P1016,2025-07-18,M1,O28,244,AFTERNOON
B101493,P1043,2025-08-13,M8,O24,343,AFTERNOON
B101494,P1002,2024-04-04,M1,O18,325,MORNING
B101496,P1051,2023-02-21,M12,O15,322,MORNING
B101497,P1015,2024-02-08,M3,O22,239,MORNING
B101498,P1040,2023-07-18,M1,O31,235,NIGHT
B101500,P1030,2024-05-03,M6,O4,286,MORNING
B101501,P1004,2025-06-17,M13,O7,173,AFTERNOON
B101502,P1037,2023-09-13,M2,O4,309,NIGHT
B101503,P1044,2023-05-14,M13,O9,215,MORNING
B101504,P1051,2025-06-24,M1,O20,192,MORNING
B101505,P1003,2023-04-17,M5,O25,202,AFTERNOON
B101507,P1029,2025-05-26,M15,O40,154,AFTERNOON
B101508,P1021,2023-02-23,M8,O34,228,MORNING
B101509,P1038,2023-05-19,M10,O13,290,NIGHT
B101510,P1008,2024-06-08,M6,O27,153,MORNING
B101511,P1008,2023-04-01,M1,O9,261,MORNING
B101512,P1027,2025-01-02,M5,O38,340,MORNING
B101513,P1019,2024-12-03,M5,O24,170,NIGHT
B101514,P1033,2023-10-24,M1,O16,117,NIGHT
B101515,P1027,2024-12-05,M4,O13,244,AFTERNOON
B101516,P1012,2023-05-21,M6,O13,196,NIGHT
B101517,P1038,2024-11-09,M14,O38,156,AFTERNOON
B101518,P1021,2024-09-05,M7,O22,290,NIGHT
B101519,P1002,2025-10-12,M4,O1,315,AFTERNOON
B101520,P1044,2024-04-16,M8,O40,268,NIGHT
B101521,P1052,2024-11-09,M13,O25,328,MORNING
B101523,P1018,2025-06-20,M4,O38,257,NIGHT
B101524,P1023,2023-03-31,M1,O13,263,NIGHT
B101525,P1046,2023-12-23,M6,O36,290,MORNING
B101530,P1056,2023-09-25,M13,O13,274,MORNING
B101532,P1048,2024-01-23,M14,O35,239,MORNING
B101533,P1040,2024-07-27,M14,O9,288,NIGHT
B101534,P1037,2025-09-28,M4,O6,276,AFTERNOON
B101536,P1033,2025-08-08,M3,O21,230,AFTERNOON
B101537,P1031,2025-08-28,M5,O38,166,AFTERNOON
B101538,P1058,2023-03-16,M4,O15,310,MORNING
B101539,P1013,2024-09-18,M7,O25,202,AFTERNOON
B101541,P1033,2024-12-21,M4,O38,309,MORNING
B101544,P1014,2024-06-27,M11,O5,231,NIGHT
B101545,P1032,2023-06-10,M13,O18,272,NIGHT
B101547,P1021,2024-05-27,M5,O18,261,MORNING
B101548,P1038,2023-10-10,M14,O35,257,MORNING
B101551,P1014,2024-04-09,M12,O14,238,AFTERNOON
B101552,P1033,2025-08-17,M12,O30,234,NIGHT
B101553,P1027,2025-05-05,M4,O29,274,AFTERNOON
B101554,P1035,2023-03-03,M6,O9,217,NIGHT
B101555,P1000,2025-10-20,M13,O23,232,MORNING
B101556,P1026,2025-05-21,M11,O26,258,MORNING
B101557,P1037,2023-02-17,M10,O3,143,NIGHT
B101558,P1009,2024-11-07,M10,O39,328,MORNING
B101559,P1024,2024-02-23,M7,O5,202,AFTERNOON
B101560,P1012,2025-08-30,M2,O22,180,NIGHT
B101561,P1005,2023-12-18,M2,O36,217,MORNING
B101563,P1013,2024-04-22,M5,O34,396,MORNING
B101564,P1003,2025-01-24,M9,O1,315,AFTERNOON
B101565,P1010,2023-08-15,M3,O35,372,AFTERNOON
B101566,P1047,2023-05-21,M7,O14,282,AFTERNOON
B101567,P1045,2025-08-30,M3,O39,284,AFTERNOON
B101568,P1019,2024-02-20,M9,O30,248,MORNING
B101569,P1004,2025-03-28,M10,O16,258,AFTERNOON
B101570,P1058,2025-10-02,M8,O30,148,MORNING
B101571,P1056,2025-07-23,M6,O20,197,MORNING
B101572,P1052,2023-12-25,M7,O16,291,AFTERNOON
B101573,P1024,2024-01-11,M12,O37,337,MORNING
B101574,P1044,2023-03-31,M4,O11,235,MORNING
B101575,P1058,2023-05-17,M12,O14,347,NIGHT
B101577,P1026,2025-07-12,M3,O17,167,MORNING
B101578,P1002,2025-08-04,M1,O5,182,AFTERNOON
B101579,P1021,2025-03-28,M14,O13,169,MORNING
B101584,P1025,2023-12-11,M2,O1,232,MORNING
B101585,P1013,2023-03-12,M15,O35,213,MORNING
B101586,P1044,2023-04-08,M14,O34,179,NIGHT
B101587,P1024,2024-09-23,M8,O4,163,AFTERNOON
B101588,P1003,2025-02-11,M13,O13,311,MORNING
B101589,P1005,2023-02-02,M7,O2,220,NIGHT
B101590,P1021,2024-01-29,M11,O5,276,NIGHT
B101591,P1053,2023-12-10,M12,O11,392,MORNING
B101592,P1032,2023-08-09,M14,O21,206,AFTERNOON
B101593,P1059,2025-03-20,M7,O8,338,MORNING
B101594,P1006,2024-12-31,M6,O12,351,MORNING
B101597,P1031,2023-07-28,M12,O35,202,NIGHT
B101598,P1059,2023-12-18,M5,O7,90,AFTERNOON
B101599,P1043,2023-09-30,M6,O12,133,AFTERNOON
B101600,P1056,2024-10-13,M14,O31,262,NIGHT
B101602,P1045,2023-01-28,M4,O2,138,MORNING
B101604,P1003,2023-10-09,M6,O32,238,MORNING
B101605,P1002,2024-05-02,M15,O39,288,NIGHT
B101607,P1050,2025-04-29,M11,O19,362,NIGHT
B101608,P1014,2024-11-09,M6,O16,256,NIGHT
B101609,P1015,2024-03-31,M10,O25,272,AFTERNOON
B101612,P1037,2024-02-23,M4,O33,349,MORNING
B101613,P1046,2024-02-09,M4,O28,303,MORNING
B101614,P1015,2024-09-12,M5,O37,155,MORNING
B101615,P1050,2025-09-12,M2,O24,281,MORNING
B101616,P1010,2025-08-22,M8,O28,135,NIGHT
B101620,P1038,2025-09-11,M2,O22,301,MORNING
B101621,P1012,2023-01-09,M1,O33,309,AFTERNOON
B101622,P1023,2025-10-03,M7,O27,422,MORNING
B101623,P1031,2024-09-22,M11,O38,181,MORNING
B101624,P1056,2023-03-21,M15,O8,182,MORNING
B101625,P1027,2024-06-06,M13,O23,309,AFTERNOON
B101626,P1031,2025-01-24,M12,O4,156,AFTERNOON
B101628,P1043,2023-02-27,M12,O10,244,AFTERNOON
B101631,P1025,2023-06-14,M9,O13,150,NIGHT
B101632,P1010,2025-05-24,M5,O20,163,NIGHT
B101633,P1037,2024-09-22,M12,O27,249,NIGHT
B101634,P1059,2023-07-02,M2,O37,260,MORNING
B101635,P1047,2024-03-05,M15,O26,186,AFTERNOON
B101637,P1033,2025-05-03,M11,O19,250,AFTERNOON
B101639,P1007,2025-07-11,M10,O14,205,MORNING
B101641,P1040,2023-08-12,M14,O11,400,MORNING
B101642,P1005,2025-02-12,M2,O18,265,MORNING
B101644,P1000,2023-03-27,M2,O14,241,AFTERNOON
B101645,P1048,2024-06-28,M15,O32,248,AFTERNOON
B101646,P1021,2025-05-29,M6,O24,223,MORNING
B101647,P1015,2025-01-09,M11,O26,191,MORNING
B101648,P1003,2024-12-30,M14,O22,251,NIGHT
B101649,P1025,2023-10-12,M1,O39,244,MORNING
B101651,P1030,2025-04-26,M11,O13,321,MORNING
B101652,P1040,2024-10-21,M1,O24,379,AFTERNOON
B101653,P1043,2025-06-28,M4,O39,117,AFTERNOON
B101654,P1047,2023-06-16,M6,O28,404,AFTERNOON
B101655,P1042,2023-07-25,M12,O25,187,MORNING
B101657,P1002,2023-09-19,M8,O6,163,MORNING
B101658,P1043,2025-08-14,M3,O29,327,AFTERNOON
B101659,P1015,2024-03-09,M3,O6,227,MORNING
B101661,P1016,2025-09-02,M15,O8,181,AFTERNOON
B101662,P1059,2025-10-04,M2,O22,362,NIGHT
B101663,P1038,2023-05-13,M11,O22,133,MORNING
B101664,P1045,2025-02-20,M11,O36,323,MORNING
B101665,P1016,2023-08-25,M5,O6,234,MORNING
B101666,P1021,2024-01-21,M12,O8,217,MORNING
B101667,P1024,2023-01-04,M5,O4,233,AFTERNOON
B101668,P1012,2025-03-05,M7,O21,266,NIGHT
B101669,P1008,2024-03-30,M2,O26,126,MORNING
B101670,P1054,2025-08-01,M6,O10,273,MORNING
B101671,P1043,2025-07-22,M3,O39,196,MORNING
B101672,P1047,2023-03-12,M10,O21,172,MORNING
B101673,P1054,2025-09-06,M11,O14,448,AFTERNOON
B101675,P1059,2024-04-05,M12,O4,341,NIGHT
B101676,P1049,2024-01-02,M14,O32,241,NIGHT
B101678,P1027,2025-08-27,M6,O26,183,MORNING
B101679,P1044,2024-02-04,M12,O36,304,MORNING
B101680,P1008,2024-10-24,M13,O38,265,NIGHT
B101681,P1019,2025-07-26,M11,O11,232,AFTERNOON
B101682,P1028,2025-09-15,M5,O10,281,MORNING
B101683,P1041,2023-01-19,M6,O37,372,MORNING
B101684,P1050,2023-10-30,M7,O28,231,MORNING
B101685,P1022,2025-08-28,M3,O4,211,MORNING
B101686,P1032,2024-11-24,M10,O28,346,AFTERNOON
B101687,P1002,2023-09-01,M4,O26,231,AFTERNOON
B101688,P1044,2023-12-20,M11,O25,284,AFTERNOON
B101689,P1005,2025-08-07,M14,O25,37,MORNING
B101692,P1036,2025-09-09,M5,O7,262,AFTERNOON
B101693,P1041,2025-06-07,M5,O37,207,MORNING
B101694,P1020,2023-05-11,M12,O35,300,MORNING
B101695,P1035,2025-09-27,M2,O34,367,NIGHT
B101696,P1034,2023-09-12,M13,O14,395,MORNING
B101697,P1038,2024-01-04,M1,O36,218,AFTERNOON
B101699,P1016,2023-03-13,M2,O8,203,AFTERNOON
B101701,P1057,2024-08-23,M11,O35,271,AFTERNOON
B101702,P1036,2025-10-01,M12,O21,47,MORNING
B101703,P1034,2024-03-05,M12,O7,220,AFTERNOON
B101705,P1008,2024-03-18,M10,O23,357,MORNING
B101706,P1046,2025-05-14,M2,O36,247,NIGHT
B101708,P1044,2023-10-21,M9,O14,352,NIGHT
B101709,P1044,2024-01-30,M12,O24,298,AFTERNOON
B101710,P1041,2023-12-02,M7,O10,200,MORNING
B101712,P1007,2025-04-13,M2,O22,207,MORNING
B101713,P1017,2023-10-27,M14,O15,198,MORNING
B101714,P1006,2025-02-11,M4,O25,366,MORNING
B101715,P1033,2024-09-19,M10,O32,213,MORNING
B101716,P1022,2024-07-31,M9,O18,133,MORNING
B101717,P1048,2025-03-08,M3,O23,156,NIGHT
B101718,P1043,2025-04-04,M8,O38,256,AFTERNOON
B101719,P1009,2023-09-16,M3,O25,256,AFTERNOON
B101720,P1017,2023-04-19,M15,O24,236,AFTERNOON
B101721,P1045,2025-07-26,M3,O29,198,NIGHT
B101723,P1056,2024-04-13,M5,O6,322,NIGHT
B101724,P1026,2024-10-02,M14,O6,231,MORNING
B101725,P1005,2023-12-05,M10,O4,229,MORNING
B101726,P1018,2025-10-06,M13,O1,321,AFTERNOON
B101727,P1046,2023-10-07,M8,O32,232,AFTERNOON
B101728,P1043,2023-09-13,M7,O1,135,AFTERNOON
B101729,P1045,2025-05-20,M12,O35,147,AFTERNOON
B101730,P1015,2023-03-28,M10,O29,352,NIGHT
B101731,P1033,2024-04-05,M3,O5,226,MORNING
B101733,P1021,2024-05-26,M14,O35,251,NIGHT
B101734,P1054,2023-08-30,M5,O20,195,MORNING
B101736,P1041,2023-03-14,M15,O30,356,MORNING
B101737,P1000,2025-07-31,M6,O20,164,MORNING
B101738,P1000,2024-12-17,M15,O12,242,AFTERNOON
B101739,P1012,2023-06-23,M9,O33,255,NIGHT
B101740,P1026,2023-09-11,M15,O32,369,MORNING
B101741,P1030,2025-03-20,M6,O20,255,MORNING
B101742,P1057,2024-01-09,M9,O18,308,NIGHT
B101743,P1010,2023-10-14,M6,O28,297,MORNING
B101744,P1056,2024-02-11,M2,O13,241,AFTERNOON
B101745,P1021,2023-03-06,M3,O13,286,NIGHT
B101748,P1059,2025-03-07,M3,O8,369,MORNING
B101749,P1022,2025-10-21,M1,O16,217,MORNING
B101750,P1053,2024-12-01,M7,O39,244,MORNING
B101751,P1031,2023-06-19,M13,O28,175,MORNING
B101753,P1015,2025-05-28,M4,O31,110,AFTERNOON
B101754,P1051,2023-07-31,M12,O33,215,NIGHT
B101755,P1040,2023-11-01,M4,O8,220,MORNING
B101757,P1003,2025-02-17,M7,O34,293,MORNING
B101758,P1040,2024-04-18,M4,O22,227,AFTERNOON
B101759,P1003,2024-09-15,M2,O18,261,MORNING
B101760,P1022,2025-05-06,M4,O21,285,MORNING
B101761,P1042,2024-10-20,M4,O19,222,AFTERNOON
B101763,P1007,2023-07-18,M11,O1,331,AFTERNOON
B101764,P1049,2023-09-24,M6,O24,246,NIGHT
B101765,P1033,2025-01-31,M4,O18,183,MORNING
B101766,P1024,2023-06-28,M15,O7,328,MORNING
B101767,P1037,2024-01-26,M4,O29,334,NIGHT
B101768,P1004,2024-12-03,M5,O31,296,AFTERNOON
B101769,P1002,2023-09-19,M4,O27,246,AFTERNOON
B101770,P1016,2024-12-12,M15,O24,144,NIGHT
B101771,P1004,2025-09-15,M7,O34,285,NIGHT
B101772,P1032,2023-02-14,M3,O39,222,MORNING
B101773,P1036,2023-05-05,M13,O13,431,AFTERNOON
B101774,P1025,2025-10-10,M11,O35,378,MORNING
B101775,P1048,2025-02-25,M9,O25,114,AFTERNOON
B101776,P1017,2024-02-28,M3,O1,276,AFTERNOON
B101778,P1054,2024-03-27,M5,O18,209,MORNING
B101779,P1015,2024-08-20,M1,O10,236,NIGHT
B101781,P1034,2023-08-26,M1,O23,208,AFTERNOON
B101783,P1018,2024-10-26,M1,O1,287,NIGHT
B101784,P1014,2024-07-26,M3,O17,335,NIGHT
B101785,P1049,2023-08-06,M12,O25,234,NIGHT
B101786,P1016,2024-02-27,M14,O29,260,AFTERNOON
B101787,P1051,2025-03-20,M3,O29,304,MORNING
B101788,P1046,2025-06-07,M6,O10,275,MORNING
B101790,P1046,2024-01-05,M11,O19,291,MORNING
B101791,P1025,2024-01-20,M2,O10,255,MORNING
B101793,P1051,2023-01-25,M10,O7,300,MORNING
B101794,P1001,2023-08-14,M14,O1,258,MORNING
B101795,P1015,2023-06-21,M5,O10,149,NIGHT
B101796,P1038,2023-01-28,M13,O1,282,AFTERNOON
B101797,P1021,2023-06-24,M4,O9,241,AFTERNOON
B101798,P1036,2025-06-28,M14,O11,221,MORNING
B101799,P1034,2024-07-01,M11,O35,324,MORNING
B101800,P1052,2023-04-02,M2,O35,225,NIGHT
B101801,P1009,2023-01-03,M15,O15,330,MORNING
B101802,P1027,2025-02-28,M3,O23,221,NIGHT
B101804,P1014,2023-07-28,M5,O23,305,MORNING
B101805,P1059,2023-06-23,M15,O3,279,AFTERNOON
B101806,P1011,2025-05-27,M9,O22,164,MORNING
B101809,P1045,2023-06-06,M13,O1,111,NIGHT
B101810,P1009,2023-10-28,M6,O10,163,NIGHT
B101811,P1030,2023-05-18,M2,O37,321,AFTERNOON
B101812,P1046,2024-07-24,M3,O6,233,NIGHT
B101813,P1022,2024-10-15,M8,O28,282,AFTERNOON
B101814,P1026,2024-11-13,M3,O16,184,AFTERNOON
B101815,P1031,2024-04-16,M7,O6,309,AFTERNOON
B101816,P1026,2024-03-25,M12,O6,250,NIGHT
B101817,P1001,2025-01-12,M9,O31,255,NIGHT
B101819,P1008,2024-08-26,M8,O10,354,NIGHT
B101820,P1035,2025-05-12,M4,O14,261,MORNING
B101821,P1044,2023-10-21,M7,O2,229,AFTERNOON
B101822,P1027,2025-01-31,M1,O7,235,NIGHT
B101824,P1005,2024-05-16,M2,O1,133,MORNING
B101826,P1044,2024-09-05,M8,O27,236,AFTERNOON
B101827,P1000,2024-08-10,M2,O10,175,MORNING
B101829,P1043,2025-07-19,M9,O17,249,NIGHT
B101831,P1033,2025-02-12,M3,O14,268,AFTERNOON
B101832,P1003,2024-03-24,M7,O12,334,AFTERNOON
B101833,P1004,2025-08-17,M8,O21,78,AFTERNOON
B101834,P1025,2025-02-18,M3,O4,283,MORNING
B101835,P1006,2023-08-02,M2,O24,154,AFTERNOON
B101836,P1054,2024-11-18,M1,O16,232,MORNING
B101837,P1038,2023-01-23,M13,O20,335,MORNING
B101838,P1012,2023-03-08,M4,O18,328,MORNING
B101839,P1050,2025-09-17,M1,O4,296,MORNING
B101840,P1019,2023-01-18,M6,O19,329,MORNING
B101841,P1025,2024-12-29,M3,O7,228,MORNING
B101842,P1057,2025-10-28,M2,O33,264,AFTERNOON
B101843,P1024,2025-09-03,M10,O3,212,MORNING
B101844,P1009,2025-08-06,M2,O6,298,MORNING
B101845,P1043,2023-10-16,M13,O11,235,NIGHT
B101847,P1027,2023-03-23,M15,O25,306,MORNING
B101848,P1039,2023-06-03,M3,O37,192,NIGHT
B101849,P1009,2024-09-25,M9,O6,190,AFTERNOON
B101850,P1029,2024-10-04,M3,O19,279,MORNING
B101851,P1005,2023-05-26,M3,O30,298,MORNING
B101852,P1030,2024-06-08,M13,O29,227,MORNING
B101854,P1025,2025-04-17,M14,O40,281,MORNING
B101855,P1054,2024-10-04,M6,O6,231,AFTERNOON
B101856,P1032,2025-07-10,M5,O3,176,AFTERNOON
B101857,P1015,2023-01-17,M3,O7,180,MORNING
B101858,P1010,2025-03-28,M14,O5,274,AFTERNOON
B101859,P1022,2025-08-12,M8,O35,390,NIGHT
B101860,P1029,2023-08-12,M2,O12,232,NIGHT
B101861,P1049,2025-06-06,M4,O26,94,MORNING
B101862,P1020,2024-12-02,M10,O32,276,MORNING
B101864,P1009,2024-03-13,M6,O37,343,MORNING
B101865,P1059,2025-01-10,M13,O28,268,NIGHT
B101866,P1013,2023-04-21,M4,O2,351,MORNING
B101868,P1025,2023-06-17,M5,O29,308,AFTERNOON
B101871,P1030,2023-11-26,M12,O28,305,MORNING
B101872,P1044,2025-03-07,M14,O1,112,MORNING
B101873,P1046,2023-10-24,M6,O21,194,MORNING
B101874,P1057,2025-07-28,M15,O10,188,NIGHT
B101875,P1043,2025-04-12,M5,O34,250,AFTERNOON
B101877,P1047,2024-01-20,M7,O35,179,NIGHT
B101878,P1038,2025-02-12,M4,O23,261,AFTERNOON
B101879,P1000,2025-01-28,M14,O24,294,MORNING
B101880,P1057,2024-09-20,M9,O8,218,AFTERNOON
B101881,P1026,2024-12-21,M6,O35,153,AFTERNOON
B101884,P1044,2025-06-14,M11,O19,201,NIGHT
B101885,P1006,2023-06-29,M13,O7,92,MORNING
B101886,P1001,2025-04-22,M2,O32,249,AFTERNOON
B101887,P1040,2025-06-28,M9,O38,152,NIGHT
B101888,P1042,2024-08-16,M14,O27,278,AFTERNOON
B101889,P1007,2024-02-05,M14,O31,367,NIGHT
B101890,P1022,2025-08-08,M7,O26,317,MORNING
B101891,P1018,2024-07-02,M15,O17,253,MORNING
B101892,P1057,2025-04-29,M11,O16,403,MORNING
B101893,P1001,2023-11-11,M13,O24,254,NIGHT
B101894,P1033,2024-10-12,M6,O11,462,MORNING
B101895,P1025,2024-01-30,M10,O26,194,NIGHT
B101896,P1051,2025-05-28,M3,O25,292,NIGHT
B101897,P1033,2023-11-21,M7,O15,243,MORNING
B101899,P1040,2024-06-16,M14,O36,159,MORNING
B101900,P1020,2024-02-22,M2,O6,260,NIGHT
B101901,P1009,2023-02-26,M10,O35,251,NIGHT
B101902,P1005,2025-02-22,M1,O9,348,NIGHT
B101903,P1011,2024-05-05,M11,O15,239,MORNING
B101904,P1034,2024-05-17,M12,O25,263,MORNING
B101905,P1059,2023-10-22,M11,O2,148,AFTERNOON
B101906,P1037,2023-07-31,M2,O30,282,MORNING
B101907,P1016,2024-01-05,M2,O5,234,AFTERNOON
B101908,P1023,2024-03-01,M7,O7,235,MORNING
B101909,P1040,2023-06-06,M4,O27,250,MORNING
B101910,P1020,2025-07-12,M13,O11,254,MORNING
B101912,P1030,2023-01-11,M3,O34,241,MORNING
B101913,P1001,2023-02-17,M9,O33,90,NIGHT
B101915,P1044,2023-09-17,M5,O18,257,AFTERNOON
B101916,P1005,2024-12-14,M12,O36,204,NIGHT
B101917,P1027,2025-03-30,M15,O13,185,MORNING
B101918,P1012,2024-07-29,M7,O7,146,MORNING
B101920,P1028,2025-05-17,M10,O18,289,AFTERNOON
B101921,P1027,2024-02-14,M10,O23,160,MORNING
B101922,P1040,2023-05-12,M8,O11,385,MORNING
B101923,P1026,2024-08-24,M10,O34,137,MORNING
B101924,P1001,2023-08-23,M3,O21,209,MORNING
B101926,P1007,2023-01-20,M6,O1,239,AFTERNOON
B101928,P1038,2024-03-10,M9,O14,295,AFTERNOON
B101929,P1056,2023-06-03,M10,O27,284,AFTERNOON
B101930,P1027,2024-10-12,M14,O21,257,AFTERNOON
B101931,P1002,2024-07-16,M7,O8,271,MORNING
B101933,P1050,2023-01-10,M15,O30,264,MORNING
B101934,P1053,2025-04-04,M1,O35,267,AFTERNOON
B101935,P1004,2025-08-20,M2,O27,240,AFTERNOON
B101937,P1039,2023-04-07,M7,O20,302,AFTERNOON
B101938,P1029,2025-10-07,M14,O8,341,MORNING
B101940,P1020,2025-06-11,M4,O11,345,NIGHT
B101942,P1050,2023-03-30,M2,O4,276,MORNING
B101943,P1039,2025-02-16,M5,O11,240,NIGHT
B101944,P1037,2025-08-01,M2,O9,233,AFTERNOON
B101945,P1054,2025-04-26,M11,O29,285,AFTERNOON
B101947,P1046,2025-09-15,M4,O6,87,MORNING
B101949,P1054,2024-02-26,M12,O5,205,MORNING
B101950,P1031,2023-05-04,M4,O1,212,MORNING
B101951,P1031,2023-08-03,M6,O14,180,NIGHT
B101952,P1048,2024-10-03,M13,O20,223,NIGHT
B101953,P1006,2023-09-24,M4,O24,151,MORNING
B101954,P1028,2024-02-20,M13,O26,271,MORNING
B101955,P1019,2023-07-29,M3,O30,302,NIGHT
B101956,P1047,2023-08-14,M4,O2,285,MORNING
B101957,P1042,2025-07-16,M6,O17,222,MORNING
B101958,P1035,2023-06-22,M6,O28,266,AFTERNOON
B101959,P1021,2023-04-19,M8,O18,318,MORNING
B101960,P1003,2025-02-22,M12,O28,265,MORNING
B101961,P1017,2025-10-07,M9,O28,292,MORNING
B101962,P1003,2024-05-24,M2,O15,361,AFTERNOON
B101963,P1015,2023-05-15,M9,O7,348,MORNING
B101965,P1017,2025-10-11,M4,O11,317,NIGHT
B101966,P1022,2024-08-12,M12,O39,248,MORNING
B101967,P1058,2025-09-03,M12,O20,255,NIGHT
B101968,P1044,2024-05-03,M3,O21,232,MORNING
B101969,P1029,2023-10-18,M1,O31,211,AFTERNOON
B101970,P1001,2023-12-30,M5,O5,306,MORNING
B101971,P1022,2025-08-28,M10,O1,353,AFTERNOON
B101972,P1015,2025-08-25,M2,O3,288,NIGHT
B101973,P1053,2024-04-12,M9,O33,167,MORNING
B101974,P1009,2023-07-12,M2,O20,271,AFTERNOON
B101976,P1029,2023-01-28,M14,O23,230,AFTERNOON
B101977,P1042,2025-09-18,M2,O18,309,AFTERNOON
B101978,P1046,2023-02-12,M3,O27,313,MORNING
B101979,P1031,2023-03-05,M4,O37,169,AFTERNOON
B101980,P1027,2025-01-06,M4,O6,310,AFTERNOON
B101981,P1017,2025-07-09,M15,O34,413,MORNING
B101982,P1058,2024-12-15,M15,O22,193,NIGHT
B101983,P1019,2024-01-26,M1,O38,296,AFTERNOON
B101984,P1021,2023-09-09,M7,O30,136,MORNING
B101987,P1051,2024-08-26,M1,O30,198,MORNING
B101988,P1018,2023-09-10,M1,O32,224,AFTERNOON
B101989,P1000,2023-04-13,M5,O9,319,MORNING
B101990,P1018,2025-10-25,M11,O36,266,MORNING
B101991,P1046,2024-02-07,M7,O38,274,NIGHT
B101992,P1018,2024-03-24,M1,O31,298,AFTERNOON
B101993,P1024,2025-05-15,M7,O7,228,NIGHT
B101994,P1058,2024-09-10,M10,O20,284,NIGHT
B101995,P1051,2023-10-13,M11,O13,316,MORNING
B101996,P1026,2024-02-13,M5,O20,327,AFTERNOON
B101997,P1034,2024-01-11,M7,O28,296,MORNING
B101998,P1033,2025-06-24,M12,O21,143,MORNING
B101999,P1022,2025-05-25,M8,O27,247,NIGHT
B102000,P1029,2023-02-26,M15,O36,367,MORNING
B102001,P1008,2024-09-11,M13,O16,269,AFTERNOON
B102004,P1029,2025-07-31,M14,O4,297,NIGHT
B102005,P1006,2024-11-13,M10,O7,278,NIGHT
B102006,P1036,2025-09-13,M12,O22,273,AFTERNOON
B102007,P1032,2023-04-19,M12,O14,223,AFTERNOON
B102008,P1035,2025-10-11,M3,O15,329,MORNING
B102009,P1040,2024-09-28,M12,O1,188,NIGHT
B102010,P1039,2024-02-16,M2,O5,345,MORNING
B102012,P1053,2025-06-27,M7,O4,302,AFTERNOON
B102014,P1039,2025-06-18,M14,O40,278,MORNING
B102015,P1009,2024-05-07,M3,O33,277,AFTERNOON
B102016,P1034,2024-02-15,M8,O31,224,NIGHT
B102018,P1044,2023-08-08,M8,O27,265,MORNING
B102019,P1007,2025-03-08,M1,O38,213,MORNING
B102020,P1041,2025-06-29,M1,O23,326,AFTERNOON
B102021,P1017,2023-01-19,M3,O23,231,AFTERNOON
B102022,P1055,2025-10-27,M4,O23,319,AFTERNOON
B102024,P1045,2023-10-14,M5,O20,273,NIGHT
B102025,P1030,2025-02-10,M8,O39,237,AFTERNOON
B102027,P1053,2025-04-06,M2,O3,201,MORNING
B102028,P1046,2023-11-22,M4,O7,208,AFTERNOON
B102029,P1020,2024-04-19,M13,O16,179,MORNING
B102030,P1056,2023-12-23,M12,O25,252,MORNING
B102031,P1039,2024-05-27,M2,O3,176,NIGHT
B102032,P1004,2025-06-23,M13,O24,144,NIGHT
B102033,P1020,2023-08-09,M12,O29,166,MORNING
B102034,P1040,2024-02-14,M4,O17,144,MORNING
B102035,P1047,2023-11-28,M7,O34,255,NIGHT
B102036,P1012,2023-06-26,M10,O2,178,MORNING
B102038,P1026,2023-05-28,M6,O12,177,AFTERNOON
B102039,P1033,2025-10-13,M4,O14,89,AFTERNOON
B102040,P1030,2025-10-22,M6,O23,184,MORNING
B102041,P1004,2025-06-17,M7,O25,189,NIGHT
B102042,P1036,2023-06-10,M3,O34,239,MORNING
B102043,P1038,2024-11-08,M1,O15,283,NIGHT
B102044,P1018,2024-05-29,M7,O23,379,NIGHT
B102045,P1004,2024-05-09,M14,O34,308,NIGHT
B102047,P1030,2024-06-22,M11,O2,287,MORNING
B102048,P1026,2024-06-18,M4,O22,268,MORNING
B102049,P1052,2024-11-06,M15,O4,234,MORNING
B102050,P1004,2023-03-14,M6,O5,339,AFTERNOON
B102051,P1005,2025-09-07,M3,O18,220,AFTERNOON
B102052,P1006,2023-03-14,M8,O33,260,AFTERNOON
B102053,P1050,2024-04-11,M1,O4,314,MORNING
B102054,P1050,2024-02-06,M9,O39,317,AFTERNOON
B102056,P1044,2023-09-14,M7,O28,216,MORNING
B102057,P1039,2025-01-23,M6,O13,239,MORNING
B102058,P1058,2023-04-29,M4,O15,258,AFTERNOON
B102059,P1048,2023-04-04,M13,O1,255,NIGHT
B102061,P1022,2024-05-15,M5,O9,281,AFTERNOON
B102063,P1045,2025-01-01,M15,O15,326,AFTERNOON
B102064,P1019,2025-01-21,M13,O36,222,AFTERNOON
B102066,P1003,2024-12-10,M15,O27,223,MORNING
B102067,P1013,2023-10-08,M14,O34,156,MORNING
B102068,P1047,2024-03-07,M2,O24,230,MORNING
B102069,P1015,2025-06-20,M11,O30,128,NIGHT
B102070,P1001,2025-10-18,M14,O3,238,MORNING
B102071,P1005,2023-05-03,M5,O40,342,MORNING
B102072,P1001,2025-02-22,M7,O29,295,MORNING
B102073,P1027,2023-04-18,M11,O20,263,MORNING
B102074,P1048,2024-12-13,M15,O2,349,MORNING
B102075,P1053,2024-06-21,M13,O38,187,MORNING
B102077,P1047,2023-04-27,M13,O7,279,AFTERNOON
B102078,P1046,2024-08-11,M14,O35,161,AFTERNOON
B102079,P1033,2024-06-16,M3,O25,270,AFTERNOON
B102080,P1059,2024-05-02,M3,O1,229,MORNING
B102081,P1015,2024-08-28,M6,O37,354,MORNING
B102082,P1039,2024-07-15,M6,O18,183,NIGHT
B102083,P1038,2023-01-26,M2,O20,147,AFTERNOON
B102085,P1002,2025-01-04,M8,O36,254,MORNING
B102086,P1003,2023-06-12,M5,O40,85,AFTERNOON
B102087,P1016,2024-07-19,M5,O32,194,MORNING
B102088,P1040,2023-12-24,M3,O40,221,AFTERNOON
B102089,P1011,2025-06-20,M10,O21,207,MORNING
B102090,P1045,2024-04-11,M1,O17,262,NIGHT
B102091,P1054,2024-12-24,M9,O3,248,AFTERNOON
B102092,P1022,2023-08-12,M2,O33,171,MORNING
B102094,P1027,2024-08-02,M3,O2,192,MORNING
B102095,P1026,2025-02-06,M8,O19,359,AFTERNOON
B102096,P1010,2025-01-24,M1,O19,389,MORNING
B102097,P1038,2024-03-09,M13,O21,184,AFTERNOON
B102098,P1049,2024-12-05,M4,O25,258,AFTERNOON
B102099,P1024,2023-06-10,M2,O15,234,AFTERNOON
B102100,P1036,2025-05-06,M9,O8,299,MORNING
B102101,P1030,2025-06-22,M6,O18,179,MORNING
B102102,P1036,2024-08-23,M15,O16,190,NIGHT
B102103,P1014,2025-07-22,M6,O8,360,AFTERNOON
B102104,P1028,2025-04-19,M6,O6,200,NIGHT
B102105,P1041,2025-09-18,M10,O15,316,AFTERNOON
B102107,P1043,2023-10-10,M10,O17,226,NIGHT
B102108,P1021,2024-10-04,M2,O6,180,MORNING
B102109,P1031,2024-02-10,M15,O12,295,NIGHT
B102110,P1000,2023-12-08,M2,O27,242,NIGHT
B102111,P1047,2023-07-26,M3,O3,338,NIGHT
B102112,P1001,2023-12-08,M2,O9,164,MORNING
B102113,P1027,2024-12-26,M3,O26,241,AFTERNOON
B102114,P1015,2024-08-23,M2,O22,369,AFTERNOON
B102118,P1046,2023-06-21,M3,O1,194,AFTERNOON
B102122,P1048,2024-01-01,M3,O3,294,NIGHT
B102123,P1013,2025-05-31,M9,O18,145,AFTERNOON
B102124,P1039,2024-10-05,M2,O23,242,MORNING
B102125,P1028,2024-04-03,M15,O11,284,MORNING
B102126,P1058,2024-06-15,M10,O7,342,MORNING
B102127,P1013,2023-12-12,M1,O39,202,NIGHT
B102128,P1057,2024-02-04,M1,O32,257,MORNING
B102132,P1008,2024-07-24,M12,O8,373,AFTERNOON
B102133,P1014,2023-06-02,M6,O11,225,AFTERNOON
B102134,P1017,2025-07-17,M11,O33,237,AFTERNOON
B102135,P1057,2023-03-20,M7,O7,225,NIGHT
B102136,P1050,2024-10-12,M4,O36,173,MORNING
B102137,P1040,2023-01-17,M4,O9,128,AFTERNOON
B102139,P1046,2025-10-14,M5,O9,289,MORNING
B102140,P1056,2023-07-01,M9,O14,276,AFTERNOON
B102142,P1039,2025-02-17,M11,O38,256,AFTERNOON
B102144,P1042,2025-09-20,M8,O26,178,MORNING
B102145,P1014,2023-08-19,M15,O19,199,AFTERNOON
B102146,P1028,2024-10-28,M4,O28,308,MORNING
B102147,P1007,2024-12-12,M12,O26,302,AFTERNOON
B102148,P1049,2025-09-17,M14,O32,164,MORNING
B102149,P1017,2024-03-16,M15,O27,186,MORNING
B102150,P1049,2024-10-23,M5,O21,141,AFTERNOON
B102151,P1016,2023-04-22,M5,O32,317,AFTERNOON
B102153,P1013,2023-08-14,M10,O40,298,MORNING
B102154,P1038,2023-02-10,M12,O2,259,AFTERNOON
B102155,P1058,2024-12-23,M13,O36,221,MORNING
B102156,P1003,2024-03-07,M6,O35,263,AFTERNOON
B102157,P1055,2024-04-14,M5,O11,288,NIGHT
B102158,P1021,2025-04-26,M4,O36,232,MORNING
B102159,P1001,2023-07-29,M9,O26,84,NIGHT
B102160,P1002,2023-11-18,M5,O20,347,AFTERNOON
B102161,P1002,2024-07-11,M12,O8,265,NIGHT
B102163,P1045,2025-04-30,M1,O1,228,AFTERNOON
B102164,P1034,2023-11-07,M2,O38,262,AFTERNOON
B102165,P1019,2024-10-24,M7,O33,205,AFTERNOON
B102166,P1019,2024-07-15,M8,O13,399,AFTERNOON
B102167,P1024,2024-08-19,M7,O6,358,MORNING
B102168,P1026,2024-07-24,M8,O19,322,MORNING
B102169,P1001,2025-10-14,M12,O26,202,NIGHT
B102170,P1048,2023-08-10,M8,O15,236,NIGHT
B102171,P1028,2025-01-27,M8,O37,242,MORNING
B102172,P1019,2024-11-11,M3,O6,285,NIGHT
B102174,P1053,2025-08-27,M9,O37,251,AFTERNOON
B102175,P1026,2024-09-29,M12,O22,225,NIGHT
B102176,P1002,2024-10-20,M12,O37,134,MORNING
B102177,P1013,2025-09-27,M9,O32,167,MORNING
B102178,P1041,2024-04-27,M6,O30,228,NIGHT
B102179,P1046,2023-06-16,M15,O7,168,AFTERNOON
B102180,P1004,2025-02-08,M3,O1,310,MORNING
B102181,P1028,2023-08-21,M1,O28,348,AFTERNOON
B102182,P1040,2025-09-24,M3,O36,241,MORNING
B102185,P1045,2025-01-30,M9,O39,243,MORNING
B102186,P1029,2024-03-07,M15,O22,350,NIGHT
B102187,P1008,2023-12-03,M9,O31,200,MORNING
B102188,P1026,2024-01-03,M3,O31,425,MORNING
B102189,P1012,2024-02-13,M12,O7,328,AFTERNOON
B102190,P1021,2023-07-13,M1,O40,209,MORNING
B102191,P1035,2024-04-07,M6,O1,257,NIGHT
B102192,P1017,2024-08-05,M14,O28,198,AFTERNOON
B102193,P1025,2024-06-05,M9,O35,219,AFTERNOON
B102194,P1012,2023-06-08,M10,O10,289,MORNING
B102196,P1049,2025-02-23,M6,O37,262,MORNING
B102197,P1051,2025-08-27,M4,O11,157,MORNING
B102198,P1014,2024-03-19,M2,O40,275,NIGHT
B102199,P1020,2023-06-09,M15,O4,283,MORNING
B102200,P1051,2025-06-19,M7,O31,211,MORNING
B102201,P1035,2025-03-16,M7,O25,322,AFTERNOON
B102202,P1022,2024-09-30,M14,O34,238,AFTERNOON
B102203,P1013,2023-12-07,M11,O18,275,AFTERNOON
B102206,P1055,2025-01-18,M14,O30,258,AFTERNOON
B102208,P1047,2023-01-22,M4,O29,220,AFTERNOON
B102209,P1021,2023-07-12,M15,O24,285,NIGHT
B102210,P1032,2023-01-27,M10,O18,304,AFTERNOON
B102211,P1002,2024-06-02,M5,O4,261,NIGHT
B102212,P1052,2023-03-04,M14,O31,348,AFTERNOON
B102213,P1030,2023-08-01,M1,O24,248,MORNING
B102214,P1057,2023-11-10,M12,O12,275,AFTERNOON
B102215,P1054,2023-09-02,M1,O29,223,AFTERNOON
B102216,P1003,2024-10-05,M2,O35,226,AFTERNOON
B102217,P1047,2023-02-04,M6,O21,384,NIGHT
B102218,P1010,2025-01-20,M9,O1,316,NIGHT
B102219,P1042,2023-05-06,M2,O13,224,NIGHT
B102220,P1032,2023-10-30,M12,O18,315,MORNING
B102221,P1012,2025-04-18,M3,O1,288,MORNING
B102222,P1035,2024-12-19,M2,O22,119,MORNING
B102223,P1059,2025-08-06,M2,O8,278,NIGHT
B102224,P1011,2023-06-26,M3,O21,97,NIGHT
B102225,P1050,2023-01-22,M4,O24,151,AFTERNOON
B102226,P1056,2024-05-20,M5,O13,248,MORNING
B102227,P1024,2024-08-10,M3,O18,135,MORNING
B102228,P1020,2025-04-27,M4,O13,243,NIGHT
B102230,P1037,2025-01-14,M6,O34,156,NIGHT
B102231,P1002,2025-02-28,M3,O35,280,AFTERNOON
B102232,P1044,2025-06-07,M6,O19,278,AFTERNOON
B102234,P1016,2024-03-22,M8,O17,283,AFTERNOON
B102235,P1011,2025-08-31,M3,O30,256,AFTERNOON
B102236,P1023,2025-02-12,M11,O38,300,MORNING
B102238,P1021,2023-07-25,M3,O23,222,MORNING
B102239,P1001,2025-06-18,M13,O40,323,AFTERNOON
B102240,P1036,2025-06-09,M12,O26,198,AFTERNOON
B102243,P1036,2025-03-31,M10,O2,296,MORNING
B102244,P1010,2024-09-07,M15,O39,413,MORNING
B102245,P1036,2023-10-13,M3,O22,213,NIGHT
B102246,P1003,2023-07-05,M5,O10,274,MORNING
B102247,P1000,2023-10-30,M4,O12,176,MORNING
B102248,P1005,2024-01-14,M4,O14,146,MORNING
B102249,P1035,2025-02-05,M1,O31,293,MORNING
B102250,P1006,2025-08-22,M9,O26,201,AFTERNOON
B102251,P1053,2025-08-07,M12,O16,103,NIGHT
B102252,P1006,2025-03-04,M3,O21,253,NIGHT
B102253,P1057,2024-08-02,M14,O28,212,AFTERNOON
B102254,P1034,2023-05-27,M6,O32,160,MORNING
B102255,P1056,2023-12-31,M13,O16,87,MORNING
B102256,P1021,2025-10-23,M14,O1,160,NIGHT
B102257,P1041,2024-04-16,M3,O32,175,MORNING
B102259,P1018,2024-09-29,M7,O31,336,MORNING
B102260,P1026,2024-01-03,M3,O26,195,AFTERNOON
B102261,P1005,2024-12-10,M11,O7,129,AFTERNOON
B102262,P1025,2023-01-26,M3,O21,307,AFTERNOON
B102263,P1000,2025-09-22,M11,O26,310,AFTERNOON
B102264,P1003,2024-09-12,M7,O17,248,NIGHT
B102265,P1058,2025-07-11,M9,O24,215,NIGHT
B102266,P1045,2024-11-17,M14,O35,283,MORNING
B102267,P1027,2025-02-24,M14,O6,243,MORNING
B102269,P1003,2025-08-09,M5,O3,145,MORNING
B102270,P1031,2025-07-31,M6,O4,331,MORNING
B102271,P1021,2024-08-29,M13,O2,181,AFTERNOON
B102272,P1011,2024-08-23,M6,O27,311,AFTERNOON
B102273,P1038,2023-08-17,M6,O3,256,AFTERNOON
B102274,P1025,2024-05-24,M3,O6,214,MORNING
B102275,P1031,2025-06-01,M15,O18,242,MORNING
B102277,P1002,2023-10-28,M10,O7,241,MORNING
B102279,P1016,2023-06-12,M14,O28,256,NIGHT
B102280,P1050,2024-01-28,M10,O17,346,AFTERNOON
B102281,P1050,2024-05-14,M12,O4,246,MORNING
B102282,P1030,2024-03-16,M13,O28,233,MORNING
B102283,P1032,2023-04-04,M10,O26,355,NIGHT
B102285,P1008,2024-07-16,M5,O30,257,AFTERNOON
B102286,P1040,2024-10-13,M2,O15,267,MORNING
B102287,P1039,2024-08-12,M12,O39,358,NIGHT
B102288,P1037,2025-05-11,M11,O39,217,NIGHT
B102289,P1000,2024-12-03,M6,O21,311,MORNING
B102290,P1028,2023-11-07,M8,O32,276,AFTERNOON
B102291,P1016,2025-04-05,M1,O37,354,NIGHT
B102292,P1040,2025-09-23,M9,O23,350,AFTERNOON
B102293,P1019,2024-08-20,M13,O21,307,AFTERNOON
B102294,P1029,2023-03-02,M3,O40,165,AFTERNOON
B102295,P1026,2023-02-17,M13,O19,200,AFTERNOON
B102296,P1031,2024-04-25,M7,O35,314,NIGHT
B102297,P1006,2025-03-21,M4,O14,320,NIGHT
B102298,P1036,2024-08-15,M3,O11,271,NIGHT
B102299,P1035,2025-04-16,M6,O14,49,AFTERNOON
B102300,P1038,2024-07-25,M6,O24,179,AFTERNOON
B102301,P1040,2024-10-12,M9,O35,174,AFTERNOON
B102302,P1014,2025-04-07,M8,O30,214,MORNING
B102305,P1037,2025-05-06,M7,O27,161,MORNING
B102307,P1046,2025-04-17,M1,O21,73,AFTERNOON
B102308,P1010,2025-08-24,M11,O6,264,AFTERNOON
B102309,P1050,2025-03-08,M9,O33,245,NIGHT
B102311,P1045,2024-02-14,M6,O9,198,MORNING
B102313,P1015,2023-12-29,M8,O33,262,AFTERNOON
B102314,P1051,2024-11-09,M14,O11,253,MORNING
B102315,P1047,2023-03-08,M11,O27,361,NIGHT
B102316,P1030,2025-02-28,M2,O27,389,AFTERNOON
B102317,P1045,2023-02-18,M8,O31,211,NIGHT
B102318,P1003,2024-08-22,M13,O26,303,MORNING
B102320,P1054,2024-06-21,M13,O38,250,MORNING
B102321,P1026,2024-11-26,M3,O16,215,NIGHT
B102322,P1013,2024-06-25,M2,O22,232,NIGHT
B102323,P1031,2024-05-16,M13,O17,228,MORNING
B102325,P1048,2023-10-14,M3,O34,163,MORNING
B102327,P1036,2024-09-16,M8,O29,191,AFTERNOON
B102329,P1001,2024-03-09,M10,O20,316,MORNING
B102332,P1032,2024-10-05,M9,O24,134,AFTERNOON
B102333,P1055,2025-09-14,M3,O31,360,NIGHT
B102336,P1029,2023-01-25,M14,O34,342,MORNING
B102338,P1032,2023-05-18,M5,O36,381,AFTERNOON
B102339,P1005,2023-04-25,M8,O37,217,AFTERNOON
B102340,P1015,2024-06-08,M13,O12,212,MORNING
B102341,P1044,2025-07-23,M3,O3,155,NIGHT
B102342,P1017,2024-07-22,M2,O13,233,NIGHT
B102343,P1008,2024-09-12,M1,O14,94,MORNING
B102344,P1037,2025-09-04,M8,O7,131,MORNING
B102345,P1040,2023-05-30,M4,O31,221,MORNING
B102346,P1005,2025-09-01,M4,O7,203,AFTERNOON
B102347,P1036,2023-01-20,M10,O28,237,NIGHT
B102348,P1007,2025-06-25,M13,O13,165,NIGHT
B102349,P1000,2024-05-30,M13,O27,197,AFTERNOON
B102350,P1031,2023-12-28,M6,O33,193,AFTERNOON
B102351,P1016,2024-05-24,M6,O18,255,AFTERNOON
B102352,P1032,2024-09-24,M11,O29,339,MORNING
B102353,P1000,2024-10-15,M15,O33,325,AFTERNOON
B102355,P1021,2024-01-10,M4,O7,222,NIGHT
B102356,P1013,2024-09-21,M9,O20,213,MORNING
B102358,P1012,2025-03-22,M13,O11,307,MORNING
B102359,P1033,2025-08-28,M11,O39,173,NIGHT
B102360,P1049,2024-07-05,M4,O17,114,MORNING
B102361,P1009,2024-09-19,M6,O23,274,NIGHT
B102362,P1020,2025-07-10,M5,O28,140,MORNING
B102363,P1025,2023-04-24,M7,O23,204,AFTERNOON
B102364,P1008,2025-07-24,M13,O18,358,MORNING
B102365,P1045,2024-06-08,M5,O24,263,MORNING
B102366,P1027,2025-02-22,M6,O36,206,MORNING
B102367,P1032,2025-06-20,M14,O18,232,MORNING
B102368,P1015,2023-11-25,M6,O31,337,NIGHT
B102369,P1002,2025-03-09,M12,O32,216,MORNING
B102370,P1038,2025-02-07,M1,O7,310,AFTERNOON
B102372,P1047,2023-06-01,M6,O27,314,AFTERNOON
B102373,P1036,2024-02-14,M9,O6,122,AFTERNOON
B102374,P1020,2024-06-17,M9,O34,293,MORNING
B102375,P1049,2023-05-20,M14,O21,152,NIGHT
B102376,P1023,2025-07-02,M12,O14,281,AFTERNOON
B102378,P1047,2023-02-17,M3,O8,203,NIGHT
B102379,P1051,2023-04-09,M14,O34,192,MORNING
B102380,P1032,2025-02-03,M1,O37,233,AFTERNOON
B102381,P1051,2024-10-31,M13,O35,256,AFTERNOON
B102382,P1036,2024-11-14,M11,O5,241,NIGHT
B102383,P1049,2023-08-19,M9,O11,160,NIGHT
B102384,P1054,2023-06-29,M10,O30,80,NIGHT
B102385,P1049,2025-06-01,M14,O18,109,AFTERNOON
B102386,P1056,2023-11-08,M11,O22,340,MORNING
B102387,P1033,2025-06-04,M15,O2,294,AFTERNOON
B102388,P1018,2023-01-14,M10,O25,299,AFTERNOON
B102390,P1041,2024-02-15,M13,O37,382,AFTERNOON
B102391,P1036,2023-11-09,M4,O10,183,MORNING
B102393,P1034,2024-12-14,M2,O21,169,NIGHT
B102394,P1059,2024-04-16,M11,O14,262,NIGHT
B102396,P1056,2025-06-19,M2,O25,388,NIGHT
B102397,P1013,2025-02-18,M1,O29,272,AFTERNOON
B102398,P1012,2024-02-26,M13,O25,219,NIGHT
B102399,P1032,2023-09-07,M3,O14,230,MORNING
B102402,P1029,2023-02-03,M1,O25,273,NIGHT
B102403,P1022,2025-01-08,M5,O5,183,AFTERNOON
B102406,P1054,2024-05-24,M3,O37,334,MORNING
B102407,P1030,2023-03-21,M1,O39,254,NIGHT
B102408,P1055,2024-08-23,M6,O40,214,MORNING
B102409,P1059,2023-11-07,M12,O12,270,MORNING
B102410,P1059,2023-08-13,M13,O11,296,AFTERNOON
B102411,P1023,2024-06-27,M10,O21,258,MORNING
B102413,P1002,2025-02-11,M13,O39,280,AFTERNOON
B102414,P1010,2023-11-20,M2,O1,221,AFTERNOON
B102415,P1004,2023-08-19,M8,O30,290,NIGHT
B102416,P1054,2025-06-20,M3,O39,250,AFTERNOON
B102417,P1057,2024-06-10,M3,O21,247,AFTERNOON
B102418,P1023,2023-07-17,M8,O32,248,MORNING
B102419,P1014,2023-09-23,M13,O10,113,MORNING
B102421,P1016,2024-01-14,M12,O20,344,MORNING
B102422,P1029,2024-06-30,M13,O9,218,MORNING
B102423,P1047,2023-03-12,M12,O25,309,AFTERNOON
B102426,P1030,2024-12-05,M4,O37,67,AFTERNOON
B102427,P1016,2025-06-19,M2,O18,372,AFTERNOON
B102428,P1032,2024-11-21,M6,O12,245,AFTERNOON
B102429,P1035,2025-07-23,M11,O7,376,AFTERNOON
B102431,P1006,2024-04-10,M8,O8,257,MORNING
B102432,P1045,2024-08-28,M3,O23,223,NIGHT
B102433,P1005,2025-10-30,M3,O26,320,NIGHT
B102434,P1056,2024-02-04,M3,O15,257,AFTERNOON
B102435,P1033,2023-11-07,M10,O34,204,AFTERNOON
B102436,P1051,2025-01-12,M9,O15,166,MORNING
B102437,P1010,2023-07-25,M11,O11,25,AFTERNOON
B102439,P1012,2024-07-24,M1,O26,205,MORNING
B102440,P1057,2025-05-12,M15,O31,212,NIGHT
B102441,P1000,2023-06-03,M5,O36,257,AFTERNOON
B102442,P1013,2023-05-17,M1,O27,300,MORNING
B102445,P1057,2025-04-02,M2,O38,327,NIGHT
B102446,P1009,2024-02-26,M8,O10,194,MORNING
B102448,P1038,2025-08-22,M4,O29,239,AFTERNOON
B102449,P1029,2023-11-11,M2,O22,284,NIGHT
B102450,P1002,2025-02-20,M14,O17,309,AFTERNOON
B102451,P1056,2025-09-24,M13,O19,301,MORNING
B102452,P1006,2023-07-01,M12,O39,385,MORNING
B102453,P1054,2025-10-09,M14,O28,214,AFTERNOON
B102454,P1040,2023-08-04,M14,O18,312,NIGHT
B102455,P1040,2024-11-04,M7,O17,154,NIGHT
B102456,P1005,2023-01-27,M2,O32,253,AFTERNOON
B102457,P1042,2024-06-28,M2,O32,331,AFTERNOON
B102458,P1053,2025-02-08,M10,O34,321,MORNING
B102460,P1048,2024-05-03,M6,O38,179,AFTERNOON
B102461,P1025,2023-03-23,M6,O29,116,NIGHT
B102462,P1036,2023-03-18,M7,O28,242,AFTERNOON
B102463,P1001,2024-11-04,M2,O19,236,NIGHT
B102464,P1051,2023-02-28,M12,O30,281,NIGHT
B102465,P1022,2024-12-22,M4,O18,206,AFTERNOON
B102466,P1003,2024-10-26,M8,O17,254,AFTERNOON
B102468,P1049,2023-12-19,M14,O32,289,AFTERNOON
B102469,P1047,2024-04-11,M6,O20,200,MORNING
B102470,P1046,2023-07-05,M11,O26,218,MORNING
B102472,P1051,2025-06-15,M15,O24,255,MORNING
B102473,P1007,2024-01-24,M10,O20,72,NIGHT
B102474,P1044,2024-08-29,M13,O36,181,AFTERNOON
B102475,P1012,2023-07-11,M2,O39,233,NIGHT
B102477,P1008,2025-02-27,M2,O19,300,AFTERNOON
B102478,P1005,2024-10-25,M4,O29,274,MORNING
B102479,P1017,2023-02-23,M8,O15,203,NIGHT
B102480,P1014,2024-05-17,M15,O15,130,MORNING
B102481,P1018,2024-05-14,M1,O40,296,AFTERNOON
B102482,P1028,2025-04-28,M9,O36,295,MORNING
B102483,P1033,2025-03-29,M11,O37,249,NIGHT
B102484,P1024,2024-06-19,M12,O24,268,MORNING
B102486,P1044,2023-10-03,M6,O16,275,MORNING
B102488,P1052,2024-04-11,M12,O23,229,AFTERNOON
B102489,P1014,2025-08-10,M5,O37,151,NIGHT
B102492,P1030,2023-10-30,M2,O23,352,AFTERNOON
B102493,P1057,2023-02-26,M12,O39,294,AFTERNOON
B102496,P1032,2025-04-13,M3,O35,342,NIGHT
B102497,P1039,2023-04-19,M12,O23,238,AFTERNOON
